[{"model": "api.categorie", "pk": 1, "fields": {"categorie": "Action"}}, {"model": "api.categorie", "pk": 2, "fields": {"categorie": "Sci-Fi"}}, {"model": "api.categorie", "pk": 3, "fields": {"categorie": "Adventure"}}, {"model": "api.categorie", "pk": 4, "fields": {"categorie": "Comedy"}}, {"model": "api.categorie", "pk": 5, "fields": {"categorie": "Drama"}}, {"model": "api.categorie", "pk": 6, "fields": {"categorie": "Shounen"}}, {"model": "api.categorie", "pk": 7, "fields": {"categorie": "Space"}}, {"model": "api.categorie", "pk": 9, "fields": {"categorie": "Shoujo"}}, {"model": "api.categorie", "pk": 10, "fields": {"categorie": "Seinen"}}, {"model": "api.categorie", "pk": 11, "fields": {"categorie": "Super Power"}}, {"model": "api.categorie", "pk": 12, "fields": {"categorie": "Military"}}, {"model": "api.categorie", "pk": 13, "fields": {"categorie": "Mecha"}}, {"model": "api.categorie", "pk": 14, "fields": {"categorie": "School"}}, {"model": "api.categorie", "pk": 15, "fields": {"categorie": "Magic"}}, {"model": "api.categorie", "pk": 16, "fields": {"categorie": "Romance"}}, {"model": "api.categorie", "pk": 17, "fields": {"categorie": "Fantasy"}}, {"model": "api.categorie", "pk": 18, "fields": {"categorie": "Game"}}, {"model": "api.categorie", "pk": 19, "fields": {"categorie": "Slice of Life"}}, {"model": "api.categorie", "pk": 20, "fields": {"categorie": "Parody"}}, {"model": "api.categorie", "pk": 21, "fields": {"categorie": "Dementia"}}, {"model": "api.categorie", "pk": 22, "fields": {"categorie": "Horror"}}, {"model": "api.categorie", "pk": 23, "fields": {"categorie": "Psychological"}}, {"model": "api.categorie", "pk": 24, "fields": {"categorie": "Supernatural"}}, {"model": "api.categorie", "pk": 25, "fields": {"categorie": "Mystery"}}, {"model": "api.categorie", "pk": 26, "fields": {"categorie": "Ecchi"}}, {"model": "api.categorie", "pk": 27, "fields": {"categorie": "Historical"}}, {"model": "api.categorie", "pk": 28, "fields": {"categorie": "Demons"}}, {"model": "api.categorie", "pk": 29, "fields": {"categorie": "Martial Arts"}}, {"model": "api.categorie", "pk": 30, "fields": {"categorie": "Cars"}}, {"model": "api.categorie", "pk": 31, "fields": {"categorie": "Sports"}}, {"model": "api.categorie", "pk": 32, "fields": {"categorie": "Harem"}}, {"model": "api.categorie", "pk": 33, "fields": {"categorie": "Shoujo Ai"}}, {"model": "api.categorie", "pk": 34, "fields": {"categorie": "Police"}}, {"model": "api.categorie", "pk": 35, "fields": {"categorie": "Music"}}, {"model": "api.categorie", "pk": 36, "fields": {"categorie": "Vampire"}}, {"model": "api.animetype", "pk": 1, "fields": {"type": "TV"}}, {"model": "api.animetype", "pk": 2, "fields": {"type": "Movie"}}, {"model": "api.animetype", "pk": 3, "fields": {"type": "OVA"}}, {"model": "api.animetype", "pk": 4, "fields": {"type": "ONA"}}, {"model": "api.animetype", "pk": 5, "fields": {"type": "Special"}}, {"model": "api.alternativetitle", "pk": 3, "fields": {"title": "カウボーイビバップ"}}, {"model": "api.alternativetitle", "pk": 4, "fields": {"title": "トライガン"}}, {"model": "api.alternativetitle", "pk": 5, "fields": {"title": "カードキャプターさくら"}}, {"model": "api.alternativetitle", "pk": 6, "fields": {"title": "頭文字〈イニシャル〉D"}}, {"model": "api.alternativetitle", "pk": 7, "fields": {"title": "Code Geass: Lelouch of the Rebellion"}}, {"model": "api.alternativetitle", "pk": 8, "fields": {"title": "コードギアス 反逆のルルーシュ"}}, {"model": "api.alternativetitle", "pk": 9, "fields": {"title": "Yu-Gi-Oh Season 0"}}, {"model": "api.alternativetitle", "pk": 10, "fields": {"title": "遊☆戯☆王"}}, {"model": "api.alternativetitle", "pk": 11, "fields": {"title": "ヴァイオレット・エヴァーガーデン"}}, {"model": "api.alternativetitle", "pk": 12, "fields": {"title": "ダーリン・イン・ザ・フランキス"}}, {"model": "api.alternativetitle", "pk": 13, "fields": {"title": "The Seven Deadly Sins: Revival of the Commandments"}}, {"model": "api.alternativetitle", "pk": 14, "fields": {"title": "Japanese: 七つの大罪 戒めの復活"}}, {"model": "api.alternativetitle", "pk": 15, "fields": {"title": "Japanese: オーバーロードⅡ"}}, {"model": "api.alternativetitle", "pk": 16, "fields": {"title": "Teasing Master Takagi-San"}}, {"model": "api.alternativetitle", "pk": 17, "fields": {"title": "Japanese: からかい上手の高木さん"}}, {"model": "api.alternativetitle", "pk": 18, "fields": {"title": "A place further than the Universe"}}, {"model": "api.alternativetitle", "pk": 19, "fields": {"title": "Japanese: 宇宙よりも遠い場所"}}, {"model": "api.alternativetitle", "pk": 20, "fields": {"title": "Death March to the Parallel World Rhapsody"}}, {"model": "api.alternativetitle", "pk": 21, "fields": {"title": "Japanese: デスマーチからはじまる異世界狂想曲"}}, {"model": "api.alternativetitle", "pk": 22, "fields": {"title": "Japanese: シトラス"}}, {"model": "api.alternativetitle", "pk": 23, "fields": {"title": "The Disastrous Life of Saiki K.2"}}, {"model": "api.alternativetitle", "pk": 24, "fields": {"title": "Japanese: 斉木楠雄のΨ難 2"}}, {"model": "api.alternativetitle", "pk": 25, "fields": {"title": "Laid-Back Camp"}}, {"model": "api.alternativetitle", "pk": 26, "fields": {"title": "Japanese: ゆるキャン△"}}, {"model": "api.alternativetitle", "pk": 27, "fields": {"title": "Record of Grancrest War"}}, {"model": "api.alternativetitle", "pk": 28, "fields": {"title": "Japanese: グランクレスト戦記"}}, {"model": "api.alternativetitle", "pk": 29, "fields": {"title": "After the rain"}}, {"model": "api.alternativetitle", "pk": 30, "fields": {"title": "Japanese: 恋は雨上がりのように"}}, {"model": "api.alternativetitle", "pk": 31, "fields": {"title": "Pop Team Epic"}}, {"model": "api.alternativetitle", "pk": 32, "fields": {"title": "Japanese: ポプテピピック"}}, {"model": "api.alternativetitle", "pk": 33, "fields": {"title": "Fate/Extra: Last Encore"}}, {"model": "api.alternativetitle", "pk": 34, "fields": {"title": "Japanese: 刻刻"}}, {"model": "api.alternativetitle", "pk": 35, "fields": {"title": "School Babysitters"}}, {"model": "api.alternativetitle", "pk": 36, "fields": {"title": "Japanese: 学園ベビーシッターズ"}}, {"model": "api.alternativetitle", "pk": 37, "fields": {"title": "BEATLESS"}}, {"model": "api.alternativetitle", "pk": 38, "fields": {"title": "Japanese: キリングバイツ"}}, {"model": "api.alternativetitle", "pk": 39, "fields": {"title": "The Ryuo's Work is Never Done!"}}, {"model": "api.alternativetitle", "pk": 40, "fields": {"title": "Japanese: りゅうおうのおしごと！"}}, {"model": "api.alternativetitle", "pk": 41, "fields": {"title": "Japanese: 博多豚骨ラーメンズ"}}, {"model": "api.alternativetitle", "pk": 42, "fields": {"title": "Haikyu!!"}}, {"model": "api.alternativetitle", "pk": 43, "fields": {"title": "Japanese: ハイキュー!!"}}, {"model": "api.alternativetitle", "pk": 44, "fields": {"title": "Japanese: ハイキュー!! セカンドシーズン"}}, {"model": "api.alternativetitle", "pk": 45, "fields": {"title": "Haikyu!! 2nd Season"}}, {"model": "api.alternativetitle", "pk": 46, "fields": {"title": "Haikyu!! 3rd Season"}}, {"model": "api.alternativetitle", "pk": 47, "fields": {"title": "Japanese: ハイキュー!! 烏野高校 VS 白鳥沢学園高校"}}, {"model": "api.alternativetitle", "pk": 48, "fields": {"title": "Haikyuu!! Third Season, Haikyuu!! Karasuno High VS Shiratorizawa Academy"}}, {"model": "api.alternativetitle", "pk": 49, "fields": {"title": "Haikyuu!! (2020)"}}, {"model": "api.alternativetitle", "pk": 50, "fields": {"title": "Haikyuu!! Fourth Season"}}, {"model": "api.alternativetitle", "pk": 51, "fields": {"title": "Japanese: ハイキュー!! TO THE TOP"}}, {"model": "api.alternativetitle", "pk": 52, "fields": {"title": "Haikyuu!! (2020) 2nd Season"}}, {"model": "api.alternativetitle", "pk": 53, "fields": {"title": "Japanese: ハイキュー!! TO THE TOP 第2期"}}, {"model": "api.alternativetitle", "pk": 54, "fields": {"title": "Haikyuu!! Jump Festa 2020"}}, {"model": "api.alternativetitle", "pk": 55, "fields": {"title": "Japanese: ハイキュー!! 陸VS空"}}, {"model": "api.alternativetitle", "pk": 56, "fields": {"title": "Interspecies Reviewers"}}, {"model": "api.alternativetitle", "pk": 57, "fields": {"title": "Japanese: 異種族レビュアーズ"}}, {"model": "api.alternativetitle", "pk": 58, "fields": {"title": "Japanese: ダーウィンズゲーム"}}, {"model": "api.alternativetitle", "pk": 59, "fields": {"title": "In/Spectre"}}, {"model": "api.alternativetitle", "pk": 60, "fields": {"title": "BOFURI: I Don't Want to Get Hurt, so I'll Max Out My Defense."}}, {"model": "api.alternativetitle", "pk": 61, "fields": {"title": "Japanese: 痛いのは嫌なので防御力に極振りしたいと思います。"}}, {"model": "api.alternativetitle", "pk": 62, "fields": {"title": "Toilet-bound Hanako-kun"}}, {"model": "api.alternativetitle", "pk": 63, "fields": {"title": "Japanese: 地縛少年花子くん"}}, {"model": "api.alternativetitle", "pk": 64, "fields": {"title": "Japanese: ドロヘドロ"}}, {"model": "api.alternativetitle", "pk": 65, "fields": {"title": "Japanese: プランダラ"}}, {"model": "api.alternativetitle", "pk": 66, "fields": {"title": "Keep Your Hands Off Eizouken!"}}, {"model": "api.alternativetitle", "pk": 67, "fields": {"title": "Japanese: 映像研には手を出すな!"}}, {"model": "api.alternativetitle", "pk": 68, "fields": {"title": "Somali and the Forest Spirit"}}, {"model": "api.alternativetitle", "pk": 69, "fields": {"title": "Japanese: ソマリと森の神様"}}, {"model": "api.alternativetitle", "pk": 70, "fields": {"title": "Japanese: ID:INVADED イド:インヴェイデッド"}}, {"model": "api.alternativetitle", "pk": 71, "fields": {"title": "Japanese: 異世界かるてっと"}}, {"model": "api.alternativetitle", "pk": 72, "fields": {"title": "Japanese: 異世界かるてっと2"}}, {"model": "api.alternativetitle", "pk": 73, "fields": {"title": "Japanese: 異世界かるてっと3"}}, {"model": "api.alternativetitle", "pk": 74, "fields": {"title": "Seton Academy: Join the Pack!"}}, {"model": "api.alternativetitle", "pk": 75, "fields": {"title": "Japanese: 群れなせ！シートン学園"}}, {"model": "api.alternativetitle", "pk": 76, "fields": {"title": "Japanese: <Infinite Dendrogram>-インフィニット・デンドログラム-"}}, {"model": "api.alternativetitle", "pk": 77, "fields": {"title": "ネコぱら"}}, {"model": "api.alternativetitle", "pk": 78, "fields": {"title": "Smile Down the Runway"}}, {"model": "api.alternativetitle", "pk": 79, "fields": {"title": "Smile Down the Runway"}}, {"model": "api.alternativetitle", "pk": 80, "fields": {"title": "Japanese: ランウェイで笑って"}}, {"model": "api.alternativetitle", "pk": 81, "fields": {"title": "ペット"}}, {"model": "api.alternativetitle", "pk": 82, "fields": {"title": "Room Camp"}}, {"model": "api.alternativetitle", "pk": 83, "fields": {"title": "Japanese: へやキャン△"}}, {"model": "api.alternativetitle", "pk": 84, "fields": {"title": "Asteroid in Love"}}, {"model": "api.alternativetitle", "pk": 85, "fields": {"title": "Japanese: 恋する小惑星〈アストロイド〉"}}, {"model": "api.alternativetitle", "pk": 86, "fields": {"title": "Sorcerous Stabber Orphen"}}, {"model": "api.alternativetitle", "pk": 87, "fields": {"title": "Japanese: 魔術士オーフェンはぐれ旅"}}, {"model": "api.alternativetitle", "pk": 88, "fields": {"title": "Japanese: おーばーふろぉ"}}, {"model": "api.alternativetitle", "pk": 89, "fields": {"title": "A Destructive God Sits Next to Me, Bokuhaka"}}, {"model": "api.alternativetitle", "pk": 90, "fields": {"title": "Japanese: ぼくのとなりに暗黒破壊神がいます。"}}, {"model": "api.alternativetitle", "pk": 91, "fields": {"title": "English: Hatena Illusion"}}, {"model": "api.alternativetitle", "pk": 92, "fields": {"title": "Japanese: はてな☆イリュージョン"}}, {"model": "api.alternativetitle", "pk": 93, "fields": {"title": "English: If my favorite Pop Idol made it to Budokan, I would die"}}, {"model": "api.alternativetitle", "pk": 94, "fields": {"title": "Japanese: 推しが武道館いってくれたら死ぬ"}}, {"model": "api.alternativetitle", "pk": 95, "fields": {"title": "なつなぐ!"}}, {"model": "api.alternativetitle", "pk": 96, "fields": {"title": "Uchitama?! Have you seen my Tama?"}}, {"model": "api.alternativetitle", "pk": 97, "fields": {"title": "うちタマ?!~うちのタマ知りませんか?~"}}, {"model": "api.alternativetitle", "pk": 98, "fields": {"title": "織田シナモン信長"}}, {"model": "api.alternativetitle", "pk": 99, "fields": {"title": "Yatogame-chan Kansatsu Nikki 2"}}, {"model": "api.alternativetitle", "pk": 100, "fields": {"title": "八十亀ちゃんかんさつにっき 2さつめ"}}, {"model": "api.alternativetitle", "pk": 101, "fields": {"title": "SHOW BY ROCK!!ましゅまいれっしゅ!!"}}, {"model": "api.alternativetitle", "pk": 102, "fields": {"title": "ブレーカーズ"}}, {"model": "api.alternativetitle", "pk": 103, "fields": {"title": "ヒーリングっど♥プリキュア"}}, {"model": "api.alternativetitle", "pk": 104, "fields": {"title": "へんたつ"}}, {"model": "api.alternativetitle", "pk": 105, "fields": {"title": "りばあす"}}, {"model": "api.alternativetitle", "pk": 106, "fields": {"title": "爆丸アーマードアライアンス"}}, {"model": "api.alternativetitle", "pk": 107, "fields": {"title": "フライングベイビーズ☆プチ"}}, {"model": "api.alternativetitle", "pk": 108, "fields": {"title": "まるまるマヌル"}}, {"model": "api.alternativetitle", "pk": 109, "fields": {"title": "Science Fell in Love, So I Tried to Prove It"}}, {"model": "api.alternativetitle", "pk": 110, "fields": {"title": "理系が恋に落ちたので証明してみた。"}}, {"model": "api.alternativetitle", "pk": 111, "fields": {"title": "仙王的日常生活"}}, {"model": "api.alternativetitle", "pk": 112, "fields": {"title": "The Daily Life of the Immortal King"}}, {"model": "api.alternativetitle", "pk": 113, "fields": {"title": "Cagaster of an Insect Cage"}}, {"model": "api.alternativetitle", "pk": 114, "fields": {"title": "虫籠のカガステル"}}, {"model": "api.alternativetitle", "pk": 115, "fields": {"title": "解药"}}, {"model": "api.alternativetitle", "pk": 116, "fields": {"title": "Antidote"}}, {"model": "api.alternativetitle", "pk": 117, "fields": {"title": "オルタード・カーボン: リスリーブド"}}, {"model": "api.alternativetitle", "pk": 118, "fields": {"title": "ゼノンザード THE ANIMATION"}}, {"model": "api.alternativetitle", "pk": 119, "fields": {"title": "映像研ミニアニメ"}}, {"model": "api.alternativetitle", "pk": 120, "fields": {"title": "Digimon Adventure: 20th Memorial Story"}}, {"model": "api.alternativetitle", "pk": 121, "fields": {"title": "デジモンアドベンチャー20周年メモリアルストーリー"}}, {"model": "api.alternativetitle", "pk": 122, "fields": {"title": "機動戦士ガンダムG40"}}, {"model": "api.alternativetitle", "pk": 123, "fields": {"title": "Katarina's Brain Conference"}}, {"model": "api.alternativetitle", "pk": 124, "fields": {"title": "カタリナ脳内会議"}}, {"model": "api.alternativetitle", "pk": 125, "fields": {"title": "斗罗大陆 铅华洗尽"}}, {"model": "api.alternativetitle", "pk": 126, "fields": {"title": "The Furious Yama"}}, {"model": "api.alternativetitle", "pk": 127, "fields": {"title": "Lord Xue Ying 2nd Season"}}, {"model": "api.alternativetitle", "pk": 128, "fields": {"title": "Dino Girl Gauko Season 2"}}, {"model": "api.alternativetitle", "pk": 129, "fields": {"title": "Ninjala Episode 0: Ninja-Gum is Born"}}, {"model": "api.alternativetitle", "pk": 130, "fields": {"title": "For the Sake of Sita"}}, {"model": "api.alternativetitle", "pk": 131, "fields": {"title": "Beanie's Daily III"}}, {"model": "api.alternativetitle", "pk": 132, "fields": {"title": "Kung Fu Bunny"}}, {"model": "api.alternativetitle", "pk": 133, "fields": {"title": "Is It Wrong to Try to Pick Up Girls in a Dungeon? II OVA"}}, {"model": "api.alternativetitle", "pk": 134, "fields": {"title": "Special Crime Investigation Unit - Special 7 OVA"}}, {"model": "api.alternativetitle", "pk": 135, "fields": {"title": "Made in Abyss: Dawn of the Deep Soul"}}, {"model": "api.alternativetitle", "pk": 136, "fields": {"title": "The Island of Giant Insects Movie"}}, {"model": "api.alternativetitle", "pk": 137, "fields": {"title": "Maruruk's Everday"}}, {"model": "api.alternativetitle", "pk": 138, "fields": {"title": "The Chronicles of Rebecca"}}, {"model": "api.alternativetitle", "pk": 139, "fields": {"title": "Guan Yu, God of War"}}, {"model": "api.alternativetitle", "pk": 140, "fields": {"title": "Mobile Suit Academy: The Return of 'G-Reco Koushien'"}}, {"model": "api.studio", "pk": 1, "fields": {"name": "Sunrise", "founded": "1972-01-01"}}, {"model": "api.studio", "pk": 2, "fields": {"name": "Madhouse", "founded": "1972-01-01"}}, {"model": "api.studio", "pk": 3, "fields": {"name": "Gallop", "founded": "1978-01-01"}}, {"model": "api.studio", "pk": 4, "fields": {"name": "Studio Comet", "founded": "1986-01-21"}}, {"model": "api.studio", "pk": 5, "fields": {"name": "Toei Animation", "founded": "1948-01-23"}}, {"model": "api.studio", "pk": 6, "fields": {"name": "Kyoto Animation", "founded": "1981-01-01"}}, {"model": "api.studio", "pk": 7, "fields": {"name": "A-1 Pictures", "founded": "2005-05-09"}}, {"model": "api.studio", "pk": 8, "fields": {"name": "Trigger", "founded": "2011-08-22"}}, {"model": "api.studio", "pk": 9, "fields": {"name": "CloverWorks", "founded": "2018-10-01"}}, {"model": "api.studio", "pk": 10, "fields": {"name": "Shin-Ei Animation", "founded": "1976-09-09"}}, {"model": "api.studio", "pk": 11, "fields": {"name": "Silver Link.", "founded": "2007-12-01"}}, {"model": "api.studio", "pk": 12, "fields": {"name": "Connect", "founded": "2012-04-01"}}, {"model": "api.studio", "pk": 13, "fields": {"name": "Passione", "founded": "2011-01-26"}}, {"model": "api.studio", "pk": 14, "fields": {"name": "J.C Staff", "founded": "1986-01-18"}}, {"model": "api.studio", "pk": 15, "fields": {"name": "Egg Firm", "founded": "2015-03-01"}}, {"model": "api.studio", "pk": 16, "fields": {"name": "C-Station", "founded": "2009-08-01"}}, {"model": "api.studio", "pk": 17, "fields": {"name": "Wit Studio", "founded": "2012-06-01"}}, {"model": "api.studio", "pk": 18, "fields": {"name": "Kamikaze Douga", "founded": "2003-05-21"}}, {"model": "api.studio", "pk": 19, "fields": {"name": "Shaft", "founded": "1975-09-01"}}, {"model": "api.studio", "pk": 20, "fields": {"name": "Geno Studio", "founded": "2015-11-19"}}, {"model": "api.studio", "pk": 21, "fields": {"name": "Brain's Base", "founded": "1996-07-01"}}, {"model": "api.studio", "pk": 22, "fields": {"name": "Diomedéa", "founded": "2005-10-05"}}, {"model": "api.studio", "pk": 23, "fields": {"name": "Liden Films", "founded": "2012-02-01"}}, {"model": "api.studio", "pk": 24, "fields": {"name": "Project No.9", "founded": "2009-02-09"}}, {"model": "api.studio", "pk": 25, "fields": {"name": "Satelight", "founded": "1995-12-01"}}, {"model": "api.studio", "pk": 26, "fields": {"name": "Bandai Namco Pictures", "founded": "2015-04-01"}}, {"model": "api.studio", "pk": 27, "fields": {"name": "Tezuka Productions", "founded": "1968-01-23"}}, {"model": "api.studio", "pk": 28, "fields": {"name": "Studio Deen", "founded": "1975-03-14"}}, {"model": "api.studio", "pk": 29, "fields": {"name": "8Bit", "founded": "2008-09-01"}}, {"model": "api.studio", "pk": 30, "fields": {"name": "Studio Gokumi", "founded": "2010-04-01"}}, {"model": "api.studio", "pk": 31, "fields": {"name": "AXsiZ", "founded": "2011-07-07"}}, {"model": "api.studio", "pk": 32, "fields": {"name": "Lerche", "founded": "2011-01-01"}}, {"model": "api.studio", "pk": 33, "fields": {"name": "Emon", "founded": "2015-10-01"}}, {"model": "api.studio", "pk": 34, "fields": {"name": "Blade", "founded": "1990-07-06"}}, {"model": "api.studio", "pk": 35, "fields": {"name": "Bridge", "founded": "2007-10-08"}}, {"model": "api.studio", "pk": 36, "fields": {"name": "TMS Entertainment", "founded": "1946-10-22"}}, {"model": "api.studio", "pk": 37, "fields": {"name": "Production IMS", "founded": "2013-02-14"}}, {"model": "api.studio", "pk": 38, "fields": {"name": "Pierrot", "founded": "1979-05-01"}}, {"model": "api.studio", "pk": 39, "fields": {"name": "Hoods Entertainment", "founded": "2009-02-01"}}, {"model": "api.studio", "pk": 40, "fields": {"name": "Troyca", "founded": "2013-05-01"}}, {"model": "api.studio", "pk": 41, "fields": {"name": "Seven Arcs Pictures", "founded": "2012-04-23"}}, {"model": "api.studio", "pk": 42, "fields": {"name": "Seven Arcs", "founded": "2002-05-31"}}, {"model": "api.studio", "pk": 43, "fields": {"name": "Haoliners Animation League", "founded": "2013-01-01"}}, {"model": "api.studio", "pk": 44, "fields": {"name": "Doga Kobo", "founded": "1973-07-11"}}, {"model": "api.studio", "pk": 45, "fields": {"name": "Studio Flad", "founded": null}}, {"model": "api.studio", "pk": 46, "fields": {"name": "Tomovies", "founded": "2019-05-30"}}, {"model": "api.studio", "pk": 47, "fields": {"name": "Studio Puyukai", "founded": null}}, {"model": "api.studio", "pk": 48, "fields": {"name": "Strawberry Meets Pictures", "founded": "2001-02-19"}}, {"model": "api.studio", "pk": 49, "fields": {"name": "Production I.G", "founded": "1987-12-15"}}, {"model": "api.studio", "pk": 50, "fields": {"name": "Nexus", "founded": "2012-01-01"}}, {"model": "api.studio", "pk": 51, "fields": {"name": "Kadokawa", "founded": "2007-01-04"}}, {"model": "api.studio", "pk": 52, "fields": {"name": "MAPPA", "founded": "2011-06-14"}}, {"model": "api.studio", "pk": 53, "fields": {"name": "Geek Toys", "founded": "2017-10-01"}}, {"model": "api.studio", "pk": 54, "fields": {"name": "Science SARU", "founded": "2013-02-03"}}, {"model": "api.studio", "pk": 55, "fields": {"name": "NAZ", "founded": "2013-04-19"}}, {"model": "api.studio", "pk": 56, "fields": {"name": "Felix Film", "founded": "2014-05-14"}}, {"model": "api.studio", "pk": 57, "fields": {"name": "Ezóla", "founded": null}}, {"model": "api.studio", "pk": 58, "fields": {"name": "EMT Squared", "founded": "2013-07-25"}}, {"model": "api.studio", "pk": 59, "fields": {"name": "Children's Playground Entertainment", "founded": "2010-04-10"}}, {"model": "api.studio", "pk": 60, "fields": {"name": "PRA", "founded": null}}, {"model": "api.studio", "pk": 61, "fields": {"name": "IMAGICA Lab.", "founded": null}}, {"model": "api.studio", "pk": 62, "fields": {"name": "SANZIGEN", "founded": null}}, {"model": "api.studio", "pk": 63, "fields": {"name": "P. A. Works", "founded": null}}, {"model": "api.studio", "pk": 64, "fields": {"name": "Studio 3Hz", "founded": null}}, {"model": "api.studio", "pk": 65, "fields": {"name": "Lapin Track", "founded": null}}, {"model": "api.studio", "pk": 66, "fields": {"name": "Studio Signpost", "founded": null}}, {"model": "api.studio", "pk": 67, "fields": {"name": "Creators in Pack", "founded": null}}, {"model": "api.studio", "pk": 68, "fields": {"name": "Saetta", "founded": null}}, {"model": "api.studio", "pk": 69, "fields": {"name": "Kinema Citrus", "founded": null}}, {"model": "api.studio", "pk": 70, "fields": {"name": "Albacrow", "founded": null}}, {"model": "api.studio", "pk": 71, "fields": {"name": "Dynamo Pictures", "founded": null}}, {"model": "api.studio", "pk": 72, "fields": {"name": "Yaoyorozu", "founded": null}}, {"model": "api.studio", "pk": 73, "fields": {"name": "Gaina", "founded": null}}, {"model": "api.studio", "pk": 74, "fields": {"name": "Kachidoki Studio", "founded": null}}, {"model": "api.studio", "pk": 75, "fields": {"name": "Zero-G", "founded": null}}, {"model": "api.studio", "pk": 76, "fields": {"name": "Gonzo", "founded": null}}, {"model": "api.studio", "pk": 77, "fields": {"name": "Studio Kai", "founded": null}}, {"model": "api.studio", "pk": 78, "fields": {"name": "Seven Stone Entertainment", "founded": null}}, {"model": "api.studio", "pk": 79, "fields": {"name": "Anima", "founded": null}}, {"model": "api.studio", "pk": 80, "fields": {"name": "AQUA ARIS", "founded": null}}, {"model": "api.studio", "pk": 81, "fields": {"name": "Bandai Spirits", "founded": null}}, {"model": "api.studio", "pk": 82, "fields": {"name": "Sparkly Key Animation Studio", "founded": null}}, {"model": "api.studio", "pk": 83, "fields": {"name": "Shanghai Foch Film Culture Investment", "founded": null}}, {"model": "api.studio", "pk": 84, "fields": {"name": "Echoes", "founded": null}}, {"model": "api.studio", "pk": 85, "fields": {"name": "Ruo Hong Culture", "founded": null}}, {"model": "api.studio", "pk": 86, "fields": {"name": "Marza Animation Planet", "founded": null}}, {"model": "api.studio", "pk": 87, "fields": {"name": "SYOK Studio", "founded": null}}, {"model": "api.studio", "pk": 88, "fields": {"name": "Making Animation", "founded": null}}, {"model": "api.studio", "pk": 89, "fields": {"name": "Benlai Pictures", "founded": null}}, {"model": "api.studio", "pk": 90, "fields": {"name": "Ajia-Do", "founded": null}}, {"model": "api.studio", "pk": 91, "fields": {"name": "TNK", "founded": null}}, {"model": "api.studio", "pk": 92, "fields": {"name": "AIC", "founded": null}}, {"model": "api.studio", "pk": 93, "fields": {"name": "White Fox", "founded": null}}, {"model": "api.studio", "pk": 94, "fields": {"name": "Yumeta Company", "founded": null}}, {"model": "api.studio", "pk": 95, "fields": {"name": "Vega Entertainment", "founded": null}}, {"model": "api.studio", "pk": 96, "fields": {"name": "SPEED", "founded": null}}, {"model": "api.studio", "pk": 97, "fields": {"name": "Gainax Kyoto", "founded": null}}, {"model": "api.producer", "pk": 1, "fields": {"name": "Bandai Visual"}}, {"model": "api.producer", "pk": 2, "fields": {"name": "Victor Entertainment"}}, {"model": "api.producer", "pk": 3, "fields": {"name": "NHK"}}, {"model": "api.producer", "pk": 4, "fields": {"name": "Kodansha"}}, {"model": "api.producer", "pk": 5, "fields": {"name": "Sogo Vision"}}, {"model": "api.producer", "pk": 6, "fields": {"name": "YTV"}}, {"model": "api.producer", "pk": 7, "fields": {"name": "OB planning"}}, {"model": "api.producer", "pk": 8, "fields": {"name": "Fuji TV"}}, {"model": "api.producer", "pk": 9, "fields": {"name": "Mainichi Broadcasting System"}}, {"model": "api.producer", "pk": 10, "fields": {"name": "Bandai"}}, {"model": "api.producer", "pk": 11, "fields": {"name": "Sony"}}, {"model": "api.producer", "pk": 12, "fields": {"name": "Nihon Ad Systems"}}, {"model": "api.producer", "pk": 13, "fields": {"name": "Lantis"}}, {"model": "api.producer", "pk": 14, "fields": {"name": "Pony Canyon"}}, {"model": "api.producer", "pk": 15, "fields": {"name": "Rakuonsha"}}, {"model": "api.producer", "pk": 16, "fields": {"name": "ABC Animation"}}, {"model": "api.producer", "pk": 17, "fields": {"name": "Aniplex"}}, {"model": "api.producer", "pk": 18, "fields": {"name": "Khara"}}, {"model": "api.producer", "pk": 19, "fields": {"name": "Movic"}}, {"model": "api.producer", "pk": 20, "fields": {"name": "Ultra Super Pictures"}}, {"model": "api.producer", "pk": 21, "fields": {"name": "Lucent Pictures Entertainment"}}, {"model": "api.producer", "pk": 22, "fields": {"name": "Dentsu"}}, {"model": "api.producer", "pk": 23, "fields": {"name": "Sammy"}}, {"model": "api.producer", "pk": 24, "fields": {"name": "AT-X"}}, {"model": "api.producer", "pk": 25, "fields": {"name": "Enterbrain"}}, {"model": "api.producer", "pk": 26, "fields": {"name": "Grooove"}}, {"model": "api.producer", "pk": 27, "fields": {"name": "Hakuhodo DY Music & Pictures"}}, {"model": "api.producer", "pk": 28, "fields": {"name": "NTT Plala"}}, {"model": "api.producer", "pk": 29, "fields": {"name": "TMS Entertainment"}}, {"model": "api.producer", "pk": 30, "fields": {"name": "Asatsu DK"}}, {"model": "api.producer", "pk": 31, "fields": {"name": "Asmik Ace"}}, {"model": "api.producer", "pk": 32, "fields": {"name": "TOHO Animation"}}, {"model": "api.producer", "pk": 33, "fields": {"name": "Media Factory"}}, {"model": "api.producer", "pk": 34, "fields": {"name": "Sony Music Communications"}}, {"model": "api.producer", "pk": 35, "fields": {"name": "Docomo Anime"}}, {"model": "api.producer", "pk": 36, "fields": {"name": "Sotsu"}}, {"model": "api.producer", "pk": 37, "fields": {"name": "DIVE II Entertainment"}}, {"model": "api.producer", "pk": 38, "fields": {"name": "Tokyo MX"}}, {"model": "api.producer", "pk": 39, "fields": {"name": "Avex Pictures"}}, {"model": "api.producer", "pk": 40, "fields": {"name": "BS11"}}, {"model": "api.producer", "pk": 41, "fields": {"name": "KlockWorx"}}, {"model": "api.producer", "pk": 42, "fields": {"name": "Happinet Pictures"}}, {"model": "api.producer", "pk": 43, "fields": {"name": "BS Fuji"}}, {"model": "api.producer", "pk": 44, "fields": {"name": "TV Tokyo"}}, {"model": "api.producer", "pk": 45, "fields": {"name": "Shogakukan Productions"}}, {"model": "api.producer", "pk": 46, "fields": {"name": "Nippon Columbia"}}, {"model": "api.producer", "pk": 47, "fields": {"name": "MAGES."}}, {"model": "api.producer", "pk": 48, "fields": {"name": "81 Produce"}}, {"model": "api.producer", "pk": 49, "fields": {"name": "Bandai Namco Entertainment"}}, {"model": "api.producer", "pk": 50, "fields": {"name": "Good Smile Company"}}, {"model": "api.producer", "pk": 51, "fields": {"name": "DMM Pictures"}}, {"model": "api.producer", "pk": 52, "fields": {"name": "King Records"}}, {"model": "api.producer", "pk": 53, "fields": {"name": "Marvelous"}}, {"model": "api.producer", "pk": 54, "fields": {"name": "Notes"}}, {"model": "api.producer", "pk": 55, "fields": {"name": "Twin Engine"}}, {"model": "api.producer", "pk": 56, "fields": {"name": "Hakusensha"}}, {"model": "api.producer", "pk": 57, "fields": {"name": "Banpresto"}}, {"model": "api.producer", "pk": 58, "fields": {"name": "Marui"}}, {"model": "api.producer", "pk": 59, "fields": {"name": "Kadokawa Shoten"}}, {"model": "api.producer", "pk": 60, "fields": {"name": "Sony Music"}}, {"model": "api.producer", "pk": 61, "fields": {"name": "NBCUniversal Entertainment"}}, {"model": "api.producer", "pk": 62, "fields": {"name": "Magic Capsule"}}, {"model": "api.producer", "pk": 63, "fields": {"name": "Warner Bros. Japan"}}, {"model": "api.producer", "pk": 64, "fields": {"name": "ASCII Media Works"}}, {"model": "api.producer", "pk": 65, "fields": {"name": "Shueisha"}}, {"model": "api.producer", "pk": 66, "fields": {"name": "Kadokawa Media House"}}, {"model": "api.producer", "pk": 67, "fields": {"name": "Kadokawa"}}, {"model": "api.producer", "pk": 68, "fields": {"name": "Tokyo Recording"}}, {"model": "api.producer", "pk": 69, "fields": {"name": "Akita Shoten"}}, {"model": "api.producer", "pk": 70, "fields": {"name": "Kanetsu Investment"}}, {"model": "api.producer", "pk": 71, "fields": {"name": "CA-Cygames Anime Fund"}}, {"model": "api.producer", "pk": 72, "fields": {"name": "Hochi Shimbun"}}, {"model": "api.producer", "pk": 73, "fields": {"name": "ADK"}}, {"model": "api.producer", "pk": 74, "fields": {"name": "GYAO!"}}, {"model": "api.producer", "pk": 75, "fields": {"name": "BS NTV"}}, {"model": "api.producer", "pk": 76, "fields": {"name": "Crunchyroll SC Anime Fund"}}, {"model": "api.producer", "pk": 77, "fields": {"name": "Marui Group"}}, {"model": "api.producer", "pk": 78, "fields": {"name": "D-techno"}}, {"model": "api.producer", "pk": 79, "fields": {"name": "Square Enix"}}, {"model": "api.producer", "pk": 80, "fields": {"name": "Studio Hibari"}}, {"model": "api.producer", "pk": 81, "fields": {"name": "TBS"}}, {"model": "api.producer", "pk": 82, "fields": {"name": "Half H.P Studio"}}, {"model": "api.producer", "pk": 83, "fields": {"name": "Contents Seed"}}, {"model": "api.producer", "pk": 84, "fields": {"name": "Shogakukan"}}, {"model": "api.producer", "pk": 85, "fields": {"name": "Sumitomo"}}, {"model": "api.producer", "pk": 86, "fields": {"name": "RAY"}}, {"model": "api.producer", "pk": 87, "fields": {"name": "Pia"}}, {"model": "api.producer", "pk": 88, "fields": {"name": "Warner Music Japan"}}, {"model": "api.producer", "pk": 89, "fields": {"name": "NHK Enterprises"}}, {"model": "api.producer", "pk": 90, "fields": {"name": "North Stars Pictures"}}, {"model": "api.producer", "pk": 91, "fields": {"name": "JY Animation"}}, {"model": "api.producer", "pk": 92, "fields": {"name": "HORNETS"}}, {"model": "api.producer", "pk": 93, "fields": {"name": "Mixer"}}, {"model": "api.producer", "pk": 94, "fields": {"name": "Tohei Animation"}}, {"model": "api.producer", "pk": 95, "fields": {"name": "Anima&Co."}}, {"model": "api.producer", "pk": 96, "fields": {"name": "Animax"}}, {"model": "api.producer", "pk": 97, "fields": {"name": "Cygames"}}, {"model": "api.producer", "pk": 98, "fields": {"name": "Legs"}}, {"model": "api.producer", "pk": 99, "fields": {"name": "Hobby Japan"}}, {"model": "api.producer", "pk": 100, "fields": {"name": "Studio Mausu"}}, {"model": "api.producer", "pk": 101, "fields": {"name": "Avex Technologies"}}, {"model": "api.producer", "pk": 102, "fields": {"name": "Fujipacific Music"}}, {"model": "api.producer", "pk": 103, "fields": {"name": "Ai Addiction"}}, {"model": "api.producer", "pk": 104, "fields": {"name": "Houbunsha"}}, {"model": "api.producer", "pk": 105, "fields": {"name": "DeNa"}}, {"model": "api.producer", "pk": 106, "fields": {"name": "Furyu"}}, {"model": "api.producer", "pk": 107, "fields": {"name": "Flying DOG"}}, {"model": "api.producer", "pk": 108, "fields": {"name": "GRANTdesign"}}, {"model": "api.producer", "pk": 109, "fields": {"name": "WOWOW"}}, {"model": "api.producer", "pk": 110, "fields": {"name": "Genco"}}, {"model": "api.producer", "pk": 111, "fields": {"name": "MediaNet"}}, {"model": "api.producer", "pk": 112, "fields": {"name": "Marvel Entertainment"}}, {"model": "api.producer", "pk": 113, "fields": {"name": "Nippon Television Network"}}, {"model": "api.producer", "pk": 114, "fields": {"name": "Forecast Communications"}}, {"model": "api.producer", "pk": 115, "fields": {"name": "Yomiuri TV Entreprise"}}, {"model": "api.producer", "pk": 116, "fields": {"name": "Bandai Namco Arts"}}, {"model": "api.producer", "pk": 117, "fields": {"name": "TO Books"}}, {"model": "api.producer", "pk": 118, "fields": {"name": "Suiseisha"}}, {"model": "api.producer", "pk": 119, "fields": {"name": "Toei Video"}}, {"model": "api.producer", "pk": 120, "fields": {"name": "Being"}}, {"model": "api.producer", "pk": 121, "fields": {"name": "Magnet"}}, {"model": "api.producer", "pk": 122, "fields": {"name": "Video Market"}}, {"model": "api.producer", "pk": 123, "fields": {"name": "bilibili"}}, {"model": "api.producer", "pk": 124, "fields": {"name": "Nagoya Broadcasting Network"}}, {"model": "api.producer", "pk": 125, "fields": {"name": "Buzz Wave"}}, {"model": "api.producer", "pk": 126, "fields": {"name": "Tokuma Shoten"}}, {"model": "api.producer", "pk": 127, "fields": {"name": "Mime Corporation"}}, {"model": "api.producer", "pk": 128, "fields": {"name": "it's"}}, {"model": "api.producer", "pk": 129, "fields": {"name": "Bushiroad"}}, {"model": "api.producer", "pk": 130, "fields": {"name": "HoriPoro International"}}, {"model": "api.producer", "pk": 131, "fields": {"name": "Cloud22"}}, {"model": "api.producer", "pk": 132, "fields": {"name": "Liber Entertainment"}}, {"model": "api.producer", "pk": 133, "fields": {"name": "Sony Creative Products"}}, {"model": "api.producer", "pk": 134, "fields": {"name": "Shochiku"}}, {"model": "api.producer", "pk": 135, "fields": {"name": "Amuse"}}, {"model": "api.producer", "pk": 136, "fields": {"name": "Sanrio"}}, {"model": "api.producer", "pk": 137, "fields": {"name": "Polygon Pictures"}}, {"model": "api.producer", "pk": 138, "fields": {"name": "Hokkaido Cultural Broadcasting"}}, {"model": "api.producer", "pk": 139, "fields": {"name": "Sony Music Solutions"}}, {"model": "api.producer", "pk": 140, "fields": {"name": "Asahi Broadcasting"}}, {"model": "api.producer", "pk": 141, "fields": {"name": "Avex Entertainment"}}, {"model": "api.producer", "pk": 142, "fields": {"name": "YUKE'S"}}, {"model": "api.producer", "pk": 143, "fields": {"name": "LIDENFILMS Osaka Studio"}}, {"model": "api.producer", "pk": 144, "fields": {"name": "Flex Comix"}}, {"model": "api.producer", "pk": 145, "fields": {"name": "Ibis Capital Partners"}}, {"model": "api.producer", "pk": 146, "fields": {"name": "Y&N Brothers"}}, {"model": "api.producer", "pk": 147, "fields": {"name": "Supa Love"}}, {"model": "api.producer", "pk": 148, "fields": {"name": "Toei Animation"}}, {"model": "api.producer", "pk": 149, "fields": {"name": "Tencent Penguin Pictures"}}, {"model": "api.producer", "pk": 150, "fields": {"name": "China Literature Limited"}}, {"model": "api.producer", "pk": 151, "fields": {"name": "Tower Records"}}, {"model": "api.producer", "pk": 152, "fields": {"name": "A-Line"}}, {"model": "api.producer", "pk": 153, "fields": {"name": "Pony Canyon Enterprise"}}, {"model": "api.producer", "pk": 154, "fields": {"name": "Hakuhodo DY Music & Pictures"}}, {"model": "api.producer", "pk": 155, "fields": {"name": "infinite"}}, {"model": "api.producer", "pk": 156, "fields": {"name": "Imagine"}}, {"model": "api.licensor", "pk": 1, "fields": {"name": "Funimation"}}, {"model": "api.licensor", "pk": 2, "fields": {"name": "Bandai Entertainment"}}, {"model": "api.licensor", "pk": 3, "fields": {"name": "Geneon Entertainment USA"}}, {"model": "api.licensor", "pk": 4, "fields": {"name": "Nelvana"}}, {"model": "api.licensor", "pk": 5, "fields": {"name": "NIS America, Inc."}}, {"model": "api.licensor", "pk": 6, "fields": {"name": "Tokyopop"}}, {"model": "api.licensor", "pk": 7, "fields": {"name": "Aniplex of America"}}, {"model": "api.licensor", "pk": 8, "fields": {"name": "Sentai Filmworks"}}, {"model": "api.licensor", "pk": 9, "fields": {"name": "Netflix"}}, {"model": "api.licensor", "pk": 11, "fields": {"name": "bilibili"}}, {"model": "api.source", "pk": 1, "fields": {"source": "Original"}}, {"model": "api.source", "pk": 2, "fields": {"source": "Manga"}}, {"model": "api.source", "pk": 3, "fields": {"source": "Web Manga"}}, {"model": "api.source", "pk": 4, "fields": {"source": "Light Novel"}}, {"model": "api.source", "pk": 5, "fields": {"source": "4-koma Manga"}}, {"model": "api.source", "pk": 6, "fields": {"source": "Game"}}, {"model": "api.source", "pk": 7, "fields": {"source": "Other"}}, {"model": "api.source", "pk": 8, "fields": {"source": "Visual Novel"}}, {"model": "api.source", "pk": 9, "fields": {"source": "Novel"}}, {"model": "api.source", "pk": 10, "fields": {"source": "Card Game"}}, {"model": "api.source", "pk": 11, "fields": {"source": "Digital Manga"}}, {"model": "api.source", "pk": 12, "fields": {"source": "Music"}}, {"model": "api.rating", "pk": 1, "fields": {"rating": "R - 17+ (Violence & Profanity)"}}, {"model": "api.rating", "pk": 2, "fields": {"rating": "PG - 13 - Teens 13 or older"}}, {"model": "api.rating", "pk": 3, "fields": {"rating": "PG - Children"}}, {"model": "api.rating", "pk": 4, "fields": {"rating": "R+ - Mild Nudity"}}, {"model": "api.rating", "pk": 5, "fields": {"rating": "G - All Ages"}}, {"model": "api.anime", "pk": 1, "fields": {"image": "anime/cowboy_bepop.jpeg", "name": "Cowboy Bebop", "type": 1, "episodes_number": 26, "minutes_per_episode": 24, "aired": "1998-04-03", "date_end": "1999-04-24", "source": 1, "rating": 1, "sinopse": "In 2071, roughly fifty years after an accident with a hyperspace gateway made the Earth almost uninhabitable, humanity has colonized most of the rocky planets and moons of the Solar System. Amid a rising crime rate, the Inter Solar System Police (ISSP) set up a legalized contract system, in which registered bounty hunters (also referred to as \"Cowboys\") chase criminals and bring them in alive in return for a reward.\r\n<p>The series' protagonists are bounty hunters working from the spaceship Bebop. </p>\r\nOver the course of the series, the team get involved in disastrous mishaps leaving them without money, while often confronting faces and events from their past.\r\n<p>(Source:  Wikipedia)</p>", "alternative_title": [3], "producers": [1], "licensors": [1, 2], "studio": [1], "categorie": [1, 2, 3, 4, 5, 7]}}, {"model": "api.anime", "pk": 2, "fields": {"image": "anime/1345807_Latvian_NewShowDetailHeroPhone_b22c943f-47e6-ea11-82a8-dd291e252010.jpeg", "name": "Trigun", "type": 1, "episodes_number": 26, "minutes_per_episode": 24, "aired": "1998-04-01", "date_end": "1998-09-30", "source": 2, "rating": 2, "sinopse": "Trigun revolves around a man known as \"Vash the Stampede\" and two Bernardelli Insurance Society employees, Meryl Stryfe and Milly Thompson, who follow him around in order to minimize the damages inevitably caused by his appearance. Most of the damage attributed to Vash is actually caused by bounty hunters in pursuit of the sixty billion double dollar bounty on Vash's head for the destruction of the city of July.\r\n<p>However, he cannot remember the incident due to retrograde amnesia, being able to recall only fragments of the destroyed city and memories of his childhood. Throughout his travels, Vash tries to save lives using non-lethal \r\nforce. </p>\r\n<p>(Source: Wikipedia)</p>", "alternative_title": [4], "producers": [2], "licensors": [1, 3], "studio": [2], "categorie": [1, 2, 3, 4, 5, 6]}}, {"model": "api.anime", "pk": 3, "fields": {"image": "anime/60781l.jpeg", "name": "CardCaptor Sakura", "type": 1, "episodes_number": 70, "minutes_per_episode": 25, "aired": "1998-04-07", "date_end": "2000-03-21", "source": 2, "rating": 3, "sinopse": "Ten-year-old Sakura Kinomoto accidentally releases a set of magical cards known as Clow Cards from a book in her basement created and named after the sorcerer Clow Reed. Each card has its own unique ability and can assume an alternate form when activated. \r\n<p>The guardian of the cards, Cerberus (nicknamed Kero), emerges from the book, explains only a person with magical powers could open the seal of the book, and chooses Sakura to retrieve the missing cards.</p>\r\n<p>(Source: Wikipedia)</p>", "alternative_title": [5], "producers": [3, 4, 5, 6], "licensors": [3, 4, 5], "studio": [2], "categorie": [3, 4, 5, 15, 16, 17]}}, {"model": "api.anime", "pk": 4, "fields": {"image": "anime/832945df00de1960807e0487c0a8be80bf7b4882.jpeg", "name": "Initial D First Stage", "type": 1, "episodes_number": 26, "minutes_per_episode": 25, "aired": "1998-04-19", "date_end": "1998-12-06", "source": 2, "rating": 2, "sinopse": "Takumi Fujiwara, is a student working as a gas station attendant with his best friend Itsuki. Itsuki is enthusiastically interested in being a street racer. \r\nThe team he feels closest to and hopes to join is the Akina Speedstars, where the team leader Koichiro Iketani is also working at the same pump station. \r\n\r\n<p>Unbeknownst to his colleagues, Takumi helps out his Father Bunta as a tofu delivery driver for his father's store before sunrise each morning, passively building an impressive amount of skill of over 5 years behind the wheel of the family car.</p>\r\n\r\n<p>(Source: Wikipedia)</p>", "alternative_title": [6], "producers": [7, 8], "licensors": [1, 6], "studio": [3, 4], "categorie": [1, 5, 10, 30, 31]}}, {"model": "api.anime", "pk": 5, "fields": {"image": "anime/Code_Geass_Lelouch_of_the_Rebellion_TV_Series-254439377-large.jpeg", "name": "Code Geass: Hangyaku no Lelouch", "type": 1, "episodes_number": 25, "minutes_per_episode": 24, "aired": "2006-10-06", "date_end": "2007-07-29", "source": 1, "rating": 1, "sinopse": "Lelouch vi Britannia is the son of Emperor Charles Zi Britannia and his royal consort Marianne vi Britannia. His mother, Marianne, was brutally murdered in the palace, witnessed by his sister Nunnally, who was traumatized making her lose her sight and ability to walk. Lelouch is furious with his father and sister, believing one failed his mother and the other turned a blind eye and failed to pursue the killer. \r\n<p>Later, both siblings are sent to Japan as political pawns, to lull the Japanese government into a false sense of security, which end in Japan being attacked and defeated by Britannia.\r\nWith the ruins of Japan as a background, Lelouch vows to obliterate Britannia as an act of vengeance against his father.</p>", "alternative_title": [7, 8], "producers": [1, 9, 10, 11], "licensors": [1, 2], "studio": [1], "categorie": [1, 2, 5, 11, 12, 13, 14]}}, {"model": "api.anime", "pk": 6, "fields": {"image": "anime/MV5BYzhiMjg2OGQtOGFkZS00Mjk5LTk3NDAtNTM3MzU0MmQ5NjAzXkEyXkFqcGdeQXVyNzQzNzQxNzI._V1_.jpeg", "name": "Yu☆Gi☆Oh!", "type": 1, "episodes_number": 27, "minutes_per_episode": 24, "aired": "1998-04-04", "date_end": "1998-10-10", "source": 2, "rating": 2, "sinopse": "Yu-Gi-Oh! tells the tale of Yugi Mutou, a timid young boy who loves all sorts of games, but is often bullied around. One day, he solves an ancient puzzle known as the Millennium Puzzle , causing his body to play host to a mysterious spirit with the personality of a gambler. \r\n<p>From that moment onwards, whenever Yugi or one of his friends is threatened by those with darkness in their hearts, this other Yugi shows himself and challenges them to dangerous Shadow Games which reveal the true nature of someone's heart. </p>\r\n<p>(Source: Wikipedia)</p>", "alternative_title": [9, 10], "producers": [12], "licensors": [], "studio": [5], "categorie": [1, 4, 6, 17, 18]}}, {"model": "api.anime", "pk": 7, "fields": {"image": "anime/Violet-Evergarden-Anime-Visual-02.jpeg", "name": "Violet Evergarden", "type": 1, "episodes_number": 13, "minutes_per_episode": 24, "aired": "2018-01-11", "date_end": "2018-04-05", "source": 4, "rating": 2, "sinopse": "The story revolves around Auto Memory Dolls : people initially employed by a scientist named Dr. Orland to assist his blind wife Mollie in writing her novels, and later hired by other people who needed their services.\r\n In the present time, the term refers to the industry of writing for others. \r\n\r\n<p>The story follows Violet Evergarden's journey of reintegrating back into society after the war is over and her search for her life's purpose now that she is no longer a soldier in order to understand the last words her major, Gilbert, had told her: \"I love you.\"</p<\r\n<p>(Source: Wikipedia)</p>", "alternative_title": [11], "producers": [13, 14, 15, 16], "licensors": [], "studio": [6], "categorie": [17, 19, 5]}}, {"model": "api.anime", "pk": 8, "fields": {"image": "anime/MV5BZGVlY2ZhM2ItMWIwZC00YjU0LWJjNjAtZGVlNWJkM2JmZjhmXkEyXkFqcGdeQXVyMzgxODM4NjM._V1_.jpeg", "name": "Darling in the FranXX", "type": 1, "episodes_number": 24, "minutes_per_episode": 24, "aired": "2018-01-13", "date_end": "2018-07-07", "source": 1, "rating": 2, "sinopse": "Pushed to the brink of extinction, humanity is under constant threat from giant creatures known as klaxosaurs. Parasites are raised to pilot giant mecha known as Franxx in boy-girl pairs. They artificially-created and have short lifespans. \r\n\r\n<p>A team of ten parasites is assigned to the experimental Squad 13 of Plantation 13. One of them, Hiro (Code:016), is a former pilot-candidate prodigy who can no longer synchronize with his partner and they both fail the training program.</p>\r\n<p>While skipping his squad's graduation ceremony, Hiro encounters Zero Two, an elite Franxx pilot with klaxosaur blood, red horns, and an infamous reputation as the \"Partner Killer\". Despite the rumors, Hiro volunteers to become her new partner. </p>\r\n\r\n<p>(Source: Wikipedia)</p>", "alternative_title": [12], "producers": [17, 18, 19, 20, 21], "licensors": [1], "studio": [7, 8, 9], "categorie": [1, 2, 5, 13, 16]}}, {"model": "api.anime", "pk": 9, "fields": {"image": "anime/DTZCgx8UQAAxH02.jpeg", "name": "Nanatsu no Taizai: Imashime no Fukkatsu", "type": 1, "episodes_number": 24, "minutes_per_episode": 24, "aired": "2018-01-13", "date_end": "2018-04-03", "source": 2, "rating": 2, "sinopse": "Season two of Nanatsu no Taizai.\r\n\r\n<p>The fierce battle between Meliodas, the captain of the Seven Deadly Sins, and the Great Holy Knight Hendrickson has devastating consequences. Armed with the fragments necessary for the revival of the Demon Clan, Hendrickson breaks the seal, allowing the Commandments to escape, all of whom are mighty warriors working directly under the Demon King himself. Through a mysterious connection, Meliodas instantly identifies them; likewise, the 10 Commandments, too, seem to sense his presence.</p>\r\n\r\n<p>As the demons leave a path of destruction in their wake, the Seven Deadly Sins must find a way to stop them before the Demon Clan drowns Britannia in blood and terror.</p>\r\n\r\n<p>(Source: MyAnimeList)</p>", "alternative_title": [13, 14], "producers": [4, 17, 19, 22, 23], "licensors": [], "studio": [7], "categorie": [1, 3, 6, 15, 17]}}, {"model": "api.anime", "pk": 10, "fields": {"image": "anime/dd70604e0512471a80792ff0ea02f63b.jpeg", "name": "Overlord II", "type": 1, "episodes_number": 13, "minutes_per_episode": 23, "aired": "2018-01-09", "date_end": "2018-04-03", "source": 4, "rating": 1, "sinopse": "Season two of Overlord.\r\n\r\n<p>Ainz Ooal Gown, the undead sorcerer formerly known as Momonga, has accepted his place in this new world. Though it bears similarities to his beloved virtual reality game Yggdrasil, it still holds many mysteries which he intends to uncover, by utilizing his power as ruler of the Great Tomb of Nazarick. </p>\r\n<p>However, ever since the disastrous brainwashing of one of his subordinates, Ainz has become wary of the impending dangers of the Slane Theocracy, as well as the possible existence of other former Yggdrasil players. Meanwhile, Albedo, Demiurge and the rest of Ainz's loyal guardians set out to prepare for the next step in their campaign: Nazarick's first war…</p>\r\n\r\n<p>(Source: MyAnimeList)</p>", "alternative_title": [15], "producers": [24, 25, 26, 27, 28], "licensors": [1], "studio": [2], "categorie": [1, 3, 11, 15, 17, 18]}}, {"model": "api.anime", "pk": 11, "fields": {"image": "anime/210392.jpeg", "name": "Karakai Jouzu no Takagi-san", "type": 1, "episodes_number": 12, "minutes_per_episode": 23, "aired": "2018-01-08", "date_end": "2018-03-26", "source": 2, "rating": 2, "sinopse": "Middle school students Nishikata and Takagi sit next to each other in class. Takagi, who is in love with Nishikata, enjoys teasing him with embarrassing pranks and jokes. In response, Nishikata creates plans to get his revenge, but they always fail when she identifies his weaknesses and capitalizes on them.\r\n\r\n<p>(Source: Wikipedia)</p>", "alternative_title": [16, 17], "producers": [29, 30, 31, 32], "licensors": [1], "studio": [10], "categorie": [4, 6, 14, 16, 19]}}, {"model": "api.anime", "pk": 12, "fields": {"image": "anime/A19828-956786681.1513742027.jpeg", "name": "Sora Yori mo Tooi Basho", "type": 1, "episodes_number": 13, "minutes_per_episode": 23, "aired": "2018-01-02", "date_end": "2018-03-27", "source": 1, "rating": 2, "sinopse": "Mari Tamaki is a second-year high school student who wants to make the most out of her youth but is usually too afraid to do so. One day, she meets Shirase Kobuchizawa, a girl who has been saving up to travel to Antarctica, where her mother disappeared three years ago.\r\n<p>Joined by two other girls, Hinata Miyake and Yuzuki Shiraishi, they join an expedition headed towards the Antarctic.</p>\r\n\r\n<p>(Source: Wikipedia)</p>", "alternative_title": [18, 19], "producers": [19, 24, 33, 34, 35], "licensors": [], "studio": [2], "categorie": [3, 4, 5]}}, {"model": "api.anime", "pk": 13, "fields": {"image": "anime/26168611_258776834657344_3875854313361337336_n.jpeg", "name": "Death March kara Hajimaru Isekai Kyousoukyoku", "type": 1, "episodes_number": 12, "minutes_per_episode": 23, "aired": "2018-01-11", "date_end": "2018-03-29", "source": 4, "rating": 2, "sinopse": "Ichiro Suzuki is a 29-year old gaming programmer who was tasked with fixing several bugs in two MMORPGs his company is publishing. He  becomes extremely worn out and after taking a nap, he mysteriously wakes up in a parallel world that resembles some of the fantasy RPG worlds he had worked on.\r\n<p>However, before he could grasp the situation, an army of lizardmen ambushes him and launches an all-out attack. In desperation, he uses all three of his special 'Meteor Rain' attack options at once and wipes them all out - accidentally killing a god as well. As a result, his level jumps from 1 to 310, maximizing his stats immensely and making him one of the most powerful people in the world.</p>\r\n\r\n<p>(Source: Wikipedia)</p>", "alternative_title": [20, 21], "producers": [24, 36, 37, 38, 39, 40], "licensors": [1], "studio": [12, 11], "categorie": [32, 17, 3]}}, {"model": "api.anime", "pk": 14, "fields": {"image": "anime/citrus_qbirwkr.jpeg", "name": "Citrus", "type": 1, "episodes_number": 12, "minutes_per_episode": 23, "aired": "2018-01-06", "date_end": "2018-03-24", "source": 2, "rating": 2, "sinopse": "Yuzu Aihara, a  spontaneous and fun-loving city girl, transfers to a new neighborhood and high school after her mother's remarriage. Yuzu struggles to fit in at the conservative girls' school and frequently clashes with the student council, specifically Mei Aihara, the hard-working, beautiful but cold student council president.\r\n\r\n<p>As it turns out, Mei happens to be Yuzu's new stepsister and Yuzu finds herself having to share a bedroom with a girl she absolutely can't stand.\r\nThe series follows the evolution of the relationship between the two girls, with the animosity slowly lessening as the two begin to learn more about each other and confusion growing as Yuzu discovers that she is starting to develop romantic feelings for her new stepsister.</p>\r\n\r\n<p>(Source: Wikipedia)</p>", "alternative_title": [22], "producers": [13, 24, 36, 38, 41, 42, 43], "licensors": [1], "studio": [13], "categorie": [16, 33, 5, 14]}}, {"model": "api.anime", "pk": 15, "fields": {"image": "anime/poster-min-28.jpeg", "name": "Saiki Kusuo no Ψ-nan 2", "type": 1, "episodes_number": 24, "minutes_per_episode": 24, "aired": "2018-01-17", "date_end": "2018-03-22", "source": 2, "rating": 2, "sinopse": "Season 2 of Saiki Kusuo no Ψ-nan\r\n\r\n<p>Kusuo Saiki is one of the high school students who was born having powers, including psychokinesis and teleportation. He attempts to hide it from everyone at school. He is put in several seemingly normal scenarios in which he uses it to hide his abnormality.</p>\r\n\r\n<p>(Source: Wikipedia)</p>", "alternative_title": [23, 24], "producers": [44, 45, 46], "licensors": [], "studio": [14, 15], "categorie": [24, 19, 4, 6]}}, {"model": "api.anime", "pk": 16, "fields": {"image": "anime/5LYzTBVoS196gvYvw3zjwF8NRqQSX_q4J9IkmkNyAts.jpeg", "name": "Yuru Camp△", "type": 1, "episodes_number": 12, "minutes_per_episode": 23, "aired": "2018-01-04", "date_end": "2018-03-22", "source": 2, "rating": 2, "sinopse": "After moving from Shizuoka to Yamanashi, Nadeshiko, a high school student,  wants nothing more than to see the view of Mount Fuji. However, after getting lost, she manages to find refuge with Rin, a girl who's camping by herself. \r\nDespite hasty introductions, the two girls enjoy eachother's company near the campfire. \r\n<p>Even after Nadeshiko's sister picks her up later that night, they both silently ponder the possibility of camping together once more.</p>", "alternative_title": [25, 26], "producers": [24, 34, 36, 40, 47, 48], "licensors": [], "studio": [16], "categorie": [19, 4]}}, {"model": "api.anime", "pk": 17, "fields": {"image": "anime/89883l.jpeg", "name": "Grancrest Senki", "type": 1, "episodes_number": 24, "minutes_per_episode": 23, "aired": "2018-01-06", "date_end": "2018-06-23", "source": 4, "rating": 1, "sinopse": "Once upon a time, the world was ruled by Chaos, who’s concentration distorts the laws of nature, which leads to the emergence of demons and natural disasters. Then came a man who could use the seal and protect people from Chaos. But, when the level of Chaos as the level of Chaos goes down, the Crests have become instruments used in power struggles. \r\n<p>Over time, the two power blocs, Fantasia Union and Factory Alliance, decide to arrange a wedding between their heirs and unite and complete de creation of the Great Seal. However, both dukes were eliminated, and war unleashes between their territories. </p>\r\n<p>The story follows Siluca, a made who despises the Lords, and Theo, a knight training to someday liberate his homeland.</p>", "alternative_title": [27, 28], "producers": [17, 40, 49, 50], "licensors": [7], "studio": [7], "categorie": [16, 1, 5, 17]}}, {"model": "api.anime", "pk": 18, "fields": {"image": "anime/s-l1600.jpeg", "name": "Koi wa Amagari no You ni", "type": 1, "episodes_number": 12, "minutes_per_episode": 22, "aired": "2018-01-12", "date_end": "2018-03-30", "source": 2, "rating": 2, "sinopse": "After the Rain tells the story of Akira Tachibana, a high school student working part-time at a family restaurant, who starts falling in love with the manager, a forty-five year old divorcee with a young son. Akira struggles to determine why she is falling for Masami, and whether or not to reveal her feelings to him.\r\n\r\n<p>(Source: Wikipedia)</p>", "alternative_title": [29, 30], "producers": [8, 17, 22, 51], "licensors": [8], "studio": [17], "categorie": [16, 10]}}, {"model": "api.anime", "pk": 19, "fields": {"image": "anime/14579_eyecatch.jpeg", "name": "Poputepipikku", "type": 1, "episodes_number": 12, "minutes_per_episode": 12, "aired": "2018-01-07", "date_end": "2018-03-25", "source": 5, "rating": 2, "sinopse": "Two high school girls, the short and exceptionally quick to anger Popuko, and the tall and much more calm Pipimi, do insane things and swear like sailors in this absurdist comedy filled with references and meta humor.\r\n\r\n<p>(Source: IMDb)</p>", "alternative_title": [31, 32], "producers": [52], "licensors": [1, 8], "studio": [18], "categorie": [21, 4, 20]}}, {"model": "api.anime", "pk": 20, "fields": {"image": "anime/fate_extra_last_encore-903732604-large.jpeg", "name": "Fate/Extra: Last Encore", "type": 1, "episodes_number": 10, "minutes_per_episode": 24, "aired": "2018-01-28", "date_end": "2018-04-01", "source": 6, "rating": 1, "sinopse": "Waking up in a strange virtual world with no recollection of the past, Hakuno finds himself forced to fight for survival in a war he does not understand for a prize beyond value; the opportunity to have one's wish granted.\r\n<p>With only an enigmatic \"Servant\" by his side, Hakuno Kishinami will have to face both friends and foes in battles to the death in order to not only gain possession of a mysterious object known as the \"Holy Grail,\" but also to find the answer to the most important question of all: \"Who am I?\"</p>\r\n\r\n<p>(Source: IMDb)</p>", "alternative_title": [33], "producers": [17, 53, 54], "licensors": [], "studio": [19], "categorie": [1, 17, 15]}}, {"model": "api.anime", "pk": 21, "fields": {"image": "anime/top_bg.jpeg", "name": "Kokkoku", "type": 1, "episodes_number": 12, "minutes_per_episode": 23, "aired": "2018-01-08", "date_end": "2018-03-28", "source": 2, "rating": 1, "sinopse": "Juri Yukawa is a mischievous young woman, unaware that her family has the secret ability to stop time. When her brother and nephew are suddenly kidnapped by a cult named the \"Genuine Love Society\", her grandfather uses a special stone that allows her and her father to enter a world called Stasis, where time stands still. \r\n<p>As they venture through Stasis to infiltrate the cult's hideout, they meet others who can also move through the mysterious world, as well as the strange grotesque monsters that reside in it. Juri herself will discover the secrets behind the stone and Stasis itself, as they slowly unfold before her.</p>\r\n\r\n<p>(Source: Wikipedia)</p>", "alternative_title": [34], "producers": [55], "licensors": [8], "studio": [20], "categorie": [5, 10, 23, 24, 25]}}, {"model": "api.anime", "pk": 22, "fields": {"image": "anime/89978l.jpeg", "name": "Gakuen Babysitters", "type": 1, "episodes_number": 12, "minutes_per_episode": 23, "aired": "2018-01-07", "date_end": "2018-03-25", "source": 2, "rating": 2, "sinopse": "After the sudden death of their parents, two young brothers named Ryūichi Kashima (a freshman in high school) and his younger brother Kotarō (a preschooler) are left orphaned and having no place to call home.\r\n<p>The chairwoman of the prestigious Morinomiya Academy offers to take the boys into her care, giving them a new house and free tuition, on the condition that Ryuichi helps out with the school's daycare center while also attending normal classes during school hours.</p>\r\n\r\n<p>(Source: Wikipedia)</p>", "alternative_title": [35, 36], "producers": [1, 12, 13, 56, 57, 58], "licensors": [], "studio": [21], "categorie": [9, 19, 4, 14]}}, {"model": "api.anime", "pk": 23, "fields": {"image": "anime/Beatless-anime-poster-promo-version-3.jpeg", "name": "Beatless", "type": 1, "episodes_number": 20, "minutes_per_episode": 24, "aired": "2018-01-13", "date_end": "2018-06-30", "source": 4, "rating": 2, "sinopse": "In the advanced year of 2105 society uses hIE’s, who are human-like-robots, as public and personal servants. However, a high school student named Arato Endo treats hIEs as equals and wishes to one day buying one, but his financial situation hinders him. \r\n<p>One night, as he was returning home from the grocery store, he was attacked a hIE and, seconds before his death, he was saved by Lacia, an hIE equipped with a weaponized coffin. While facing a hacked car, threatening to run them over, Lacia makes a deal with Arato to assume ownership of he, thus taking responsibilities over her actions, in exchange for saving his life.</p>", "alternative_title": [37], "producers": [59, 60], "licensors": [], "studio": [22], "categorie": [16, 1, 2, 5]}}, {"model": "api.anime", "pk": 24, "fields": {"image": "anime/Killing_Bites.jpeg", "name": "Killing Bites", "type": 1, "episodes_number": 12, "minutes_per_episode": 24, "aired": "2018-01-13", "date_end": "2018-03-31", "source": 2, "rating": 4, "sinopse": "When attacked by some college students, Hitomi kills all of them except Yūya, who is shocked to see her transform into a beast and battle a lion monster at an abandoned waste facility. \r\n<p>These strange people are \"Brutes\", fighters that have been created to combine the brains of humans and the fangs of beasts.</p>\r\n<p>The \"Killing Bites\" battles have been the decisive turning points in the Japanese economy since ancient times. Hitomi is assigned to protect Yūya.</p>\r\n\r\n<p>(Source: Wikipedia)</p>", "alternative_title": [38], "producers": [9, 36, 61], "licensors": [], "studio": [23], "categorie": [26, 1, 2, 10]}}, {"model": "api.anime", "pk": 25, "fields": {"image": "anime/89979l.jpeg", "name": "Ryuuou no Oshigoto!", "type": 1, "episodes_number": 12, "minutes_per_episode": 23, "aired": "2018-01-08", "date_end": "2018-03-26", "source": 4, "rating": 2, "sinopse": "Yaichi Kuzuryū is a prodigy shogi player who won the title of Ryūō at the age of 16. Following his victory, he has been in a slump until he is approached by Ai Hinatsuru, a 9-year-old girl who begs him to make her his disciple.\r\n<p>Astonished by Ai's potential, Yaichi agrees to become her master, and the two then brave themselves together in the world of shogi with their friends and rivals. </p>\r\n<p>However, this comes with the condition imposed by Ai's mother that Yaichi is to marry Ai if she does not become a major player before graduating middle school.</p>\r\n\r\n<p>(Source: Wikipedia)</p>", "alternative_title": [39, 40], "producers": [24, 38, 41, 43, 46, 62], "licensors": [], "studio": [24], "categorie": [18, 19, 4]}}, {"model": "api.anime", "pk": 26, "fields": {"image": "anime/hakata-tonkotsu-ramens.jpeg", "name": "Hakata Tonkotsu Ramens", "type": 1, "episodes_number": 12, "minutes_per_episode": 23, "aired": "2018-01-12", "date_end": "2018-03-26", "source": 9, "rating": 1, "sinopse": "The seemingly peaceful city of Fukuoka is actually houses a numerous amount of criminals such as professional killers, detectives, informants, those skilled in torture, and more. According to an urban legend, even a “killer of professional killers” exists in the city. \r\n<p>Among those criminals is Zenzi Banba, a detective who’s investigating the work of other hitmen companies in the area, and Xianming Lin, a crossdressing male hitman employed by one of those companies.</p>", "alternative_title": [41], "producers": [24, 36, 41, 63, 64], "licensors": [1], "studio": [25], "categorie": [1]}}, {"model": "api.anime", "pk": 27, "fields": {"image": "anime/71VjwmyvbpL._AC_SY679_.jpeg", "name": "Haikyuu!!", "type": 1, "episodes_number": 25, "minutes_per_episode": 24, "aired": "2014-04-06", "date_end": "2014-09-21", "source": 2, "rating": 2, "sinopse": "After watching the player “The Little Giant”, Shoyo Hinata, a high schooler of short stature but with an impressive vertical jump, becomes inspired to join his school’s volleyball club – only to find that he’s the only member, which forces him to try and revive the club. \r\n<p>His friends agree to join the club and so, with their newly formed team, they compete in a tournament. However, their first match ends up in crushing defeat when they play against the “King of Court”, Tobio Kageyama. They both spark a short rivalry and Hinata vows to surpass him. However, when he gets accepted in Karasuno High School, he finds out Kageyama is now his teammate.</p>", "alternative_title": [42, 43], "producers": [9, 32, 65], "licensors": [8], "studio": [49], "categorie": [4, 5, 6, 14, 31]}}, {"model": "api.anime", "pk": 28, "fields": {"image": "anime/76662l.jpeg", "name": "Haikyuu!! Second Season", "type": 1, "episodes_number": 25, "minutes_per_episode": 24, "aired": "2015-10-04", "date_end": "2016-03-27", "source": 2, "rating": 2, "sinopse": "After their participation at the Inter-High, the Karasuno High School Volleyball team aims to conquer the Spring Tournament. \r\n<p>Following an invitation from their rivals, Nekoma High, Karasuno team take part in a large training camp alongside many notable volleyball teams in Tokyo and even some national players. They intend not only to sharpen their skills by playing with the strongest teams in japan, but also come up with new attacks. </p>\r\n<p>This might be their last chance at victory before the senior players graduate, therefore the Karasuno’s volleyball team must learn to settle their differences and train harder than before if they hope to overcome their opponents.</p>", "alternative_title": [45, 44], "producers": [32, 65], "licensors": [8], "studio": [49], "categorie": [4, 5, 6, 14, 31]}}, {"model": "api.anime", "pk": 29, "fields": {"image": "anime/79231l.jpeg", "name": "Haikyuu!!: Karasuno Koukou vs. Shiratorizawa Gakuen Koukou", "type": 1, "episodes_number": 10, "minutes_per_episode": 24, "aired": "2016-10-06", "date_end": "2016-12-10", "source": 2, "rating": 2, "sinopse": "Karasuno High School has finally reached the climax of the heated Spring tournament, following their victory against Aoba Jousai High. However, to advance to nationals, they must defeat the powerhouse Shiratorizawa Academy, who’s player, Wakatoshi Ushijima, the number one player in the Miyagu Prefecture, might be their biggest hurdle. \r\n\r\n<p>This match is the third year player’s last chance to qualify for natironals, therefore the team has to use everything they learned during training camp if they ever hope to attain the victory.</p>", "alternative_title": [46, 48, 47], "producers": [32, 65], "licensors": [8], "studio": [49], "categorie": [4, 5, 6, 14, 31]}}, {"model": "api.anime", "pk": 30, "fields": {"image": "anime/Haikyu_S4.jpeg", "name": "Haikyuu!!: To the Top", "type": 1, "episodes_number": 13, "minutes_per_episode": 24, "aired": "2020-01-11", "date_end": "2020-04-04", "source": 2, "rating": 2, "sinopse": "Karasuno High School earns their tickets to national after their triumphant victory over Shiratorizawa Academy. \r\n<p>As they prepare for nationals, Tobio Kageyama is invited to the All- Japan Youth Training Camp, to play alongside nationally recognized players. Kei Tsukishima is also invited to a special rookie training camp for first years withing the Miyagi Prefecture.</p> \r\n<p>However, Shouyou Hinata does not receive any invitations. But, instead of feeling down, he turns his frustration into self-motivation, and decided to sneak himself into the same training camp as Tsukishima.</p>", "alternative_title": [49, 50, 51], "producers": [9, 19, 22, 32, 60, 65], "licensors": [], "studio": [49], "categorie": [4, 5, 6, 14, 31]}}, {"model": "api.anime", "pk": 32, "fields": {"image": "anime/oqzfrlpt7ja51_IefA7TM.jpeg", "name": "Haikyuu!!: To the Top 2nd Season", "type": 1, "episodes_number": 12, "minutes_per_episode": 0, "aired": "2020-10-03", "date_end": null, "source": 2, "rating": 2, "sinopse": "Second half of Haikyuu!!: To the Top.", "alternative_title": [52, 53], "producers": [9, 19, 22, 32, 60, 65], "licensors": [], "studio": [49], "categorie": [4, 5, 6, 14, 31]}}, {"model": "api.anime", "pk": 33, "fields": {"image": "anime/102672l.jpeg", "name": "Haikyuu!!: Riku vs. Kuu", "type": 3, "episodes_number": 2, "minutes_per_episode": 22, "aired": "2020-01-22", "date_end": "2020-01-10", "source": 2, "rating": 2, "sinopse": "An intense battle rages on at the Tokyo Qualifiers for the three remaining spots in the national volleyball competition. Nekoma High School, Fukurodani High School, Nohebi Academy, and Itachiyama Academy all passionately strive to participate in the tournament. Despite various issues on the court, Nekoma especially wishes to prove they are worthy of moving on to the national level.\r\n\r\n<p>As the teams aim to secure their place by overcoming both their opponents and their own weaknesses, the Tokyo Qualifiers determine which teams will reign victorious and join the national competition.</p>\r\n\r\n<p>(Source: MyAnimeList)</p>", "alternative_title": [55], "producers": [32, 65], "licensors": [], "studio": [49], "categorie": [4, 5, 6, 14, 31]}}, {"model": "api.anime", "pk": 34, "fields": {"image": "anime/tu5hPjJB0A2GyKAxMaOIlrEzyp8-1.jpeg", "name": "Ishuzoku Reviewers", "type": 1, "episodes_number": 12, "minutes_per_episode": 23, "aired": "2020-01-11", "date_end": "2020-03-28", "source": 2, "rating": 4, "sinopse": "In a world where many different humanoid species exist and prostitution is legal, there exist various brothels for each kind of species with \"succu-girls\", who have succubus blood running through them. As each species has different opinions on how each succu-girl works for them, various brothel visitors have become reviewers, rating their experiences with various succu-girls and posting them in the local tavern. \r\n\r\n<p>(Source: Wikipedia)</p>", "alternative_title": [56, 57], "producers": [24, 35, 66, 67, 68], "licensors": [], "studio": [13], "categorie": [17, 26, 4]}}, {"model": "api.anime", "pk": 35, "fields": {"image": "anime/2135081_Latvian_ShowDetailHeroTablet_2191e364-f1e3-ea11-82a8-dd291e252010.jpeg", "name": "Darwin's Game", "type": 1, "episodes_number": 11, "minutes_per_episode": 26, "aired": "2020-01-04", "date_end": "2020-03-21", "source": 2, "rating": 1, "sinopse": "17-year old Kaname Sudō accepts an online invitation by a friend to play an app game called Darwin's Game, unbeknownst to him that it involves a fight between life and death. Those who play the game are given a Sigil, an ability that varies from player to player. Trapped in this game of relentless murder and conquest, Kaname determines to clear the game, and seek out and kill the Game Master.\r\n\r\n<p>(Source: Wikipedia)</p>", "alternative_title": [58], "producers": [69, 38, 70, 40, 71, 72, 73, 17, 24], "licensors": [7], "studio": [50], "categorie": [1, 6, 25]}}, {"model": "api.anime", "pk": 36, "fields": {"image": "anime/Kyokou_Suiri_Anime_KV_2.jpeg", "name": "Kyokou Suiri", "type": 1, "episodes_number": 12, "minutes_per_episode": 24, "aired": "2020-01-12", "date_end": "2020-03-29", "source": 2, "rating": 1, "sinopse": "While struggling to get past a break-up with his girlfriend, Kuro Sakuragawa was approached by Kotoko Iwanaga, a girl who declared that she was in love with Kuro since she met him two years ago. She then tells him that she is a sort of Goddess of Wisdom where she serves as the intermediary between the real world and the supernatural world. \r\n<p>Kuro, of course, doubts her at first but after fighting a youkai in a library and revealing to each other their true identities he agrees to help Kotoko on her various adventures as the peace-keeping Goddess of Wisdom.</p>\r\n\r\n<p>(Source: Wikipedia)</p>", "alternative_title": [59], "producers": [35, 4, 41, 74, 75, 12, 76, 77, 52], "licensors": [], "studio": [21], "categorie": [4, 6, 16, 24, 25, 28]}}, {"model": "api.anime", "pk": 37, "fields": {"image": "anime/Itai_no_wa_Iya_nano_de_Bōgyoryoku_ni_Kyokufuri_Shitai_to_Omoimasu._Poster.jpeg", "name": "Itai no wa Iya nano de Bougyoryoku ni Kyokufuri Shitai to Omoimasu.", "type": 1, "episodes_number": 12, "minutes_per_episode": 23, "aired": "2020-01-08", "date_end": "2020-03-25", "source": 4, "rating": 2, "sinopse": "Urged on by her friend, Kaede Honjō begins playing the VRMMORPG NewWorld Online under the name Maple. Not wanting to get hurt, Maple opts to be a shield user with maxed out defense stats, and continues putting every status point she earns in the game into increasing only her defense level. As a result, she is left with slow foot speed and no magic, but her high defense allows her to endure most hits without taking any damage. \r\n<p>This, along with her basic-level creative thinking, allows for her to make unexpected accomplishments in the game, its quests and events. By doing this, she ends up earning all kinds of equally unexpected skills and becomes one of the strongest players in the game.</p>\r\n\r\n<p>(Source: Wikipedia)</p>", "alternative_title": [60, 61], "producers": [16, 23, 24, 35, 47, 66, 78], "licensors": [1], "studio": [11, 51], "categorie": [1, 2, 3, 4, 17, 18]}}, {"model": "api.anime", "pk": 38, "fields": {"image": "anime/TBHK_Season_1_Key_Visual_2.jpeg", "name": "Jibaku Shounen Hanako-kun", "type": 1, "episodes_number": 12, "minutes_per_episode": 24, "aired": "2020-01-10", "date_end": "2020-03-27", "source": 2, "rating": 2, "sinopse": "Kamome Academy is famous for its rumors regarding its Seven Mysteries and supernatural occurrences. Nene Yashiro, a first-year high-school student who loves the occult and wishes for a boyfriend, summons the Seventh and most famous Mystery, \"Hanako-san of the Toilet\", a girl who allegedly haunts the bathroom and can grant wishes for the right price.\r\n<p>Upon summoning her, Yashiro discovers that \"Hanako-san\" is nothing like the rumors say; Hanako is a boy. With a turn of events, she is spiritually bound to Hanako and becomes his assistant, helping him destroy evil supernaturals and change rumors in order to maintain the balance between the spirit world and the human world. </p>\r\n\r\n<p>(Source: Wikipedia)</p>", "alternative_title": [62, 63], "producers": [14, 79, 80, 81, 82, 83], "licensors": [1], "studio": [32], "categorie": [24, 4, 6, 14]}}, {"model": "api.anime", "pk": 39, "fields": {"image": "anime/Dorohedoro.jpeg", "name": "Dorohedoro", "type": 1, "episodes_number": 12, "minutes_per_episode": 23, "aired": "2020-01-13", "date_end": "2020-03-30", "source": 2, "rating": 1, "sinopse": "After a Sorcerer transformation who left him with a reptile’s head and no memories, Caiman was left searching for his real identity. Alongside his friend Nikaido, he violently assaults sorcerers in the Hole, putting their heads into his mouth, which tells him if they are the ones responsible for his transformation. The fact that Caiman is immune to magical effects makes him extremely dangerous to sorcerers.", "alternative_title": [64], "producers": [32, 40, 9, 45, 19, 84, 85, 86, 87], "licensors": [9], "studio": [52], "categorie": [1, 4, 10, 15, 17, 22]}}, {"model": "api.anime", "pk": 40, "fields": {"image": "anime/PlundererVisual3.jpeg", "name": "Plunderer", "type": 1, "episodes_number": 24, "minutes_per_episode": 22, "aired": "2020-01-09", "date_end": "2020-06-25", "source": 2, "rating": 2, "sinopse": "Set in a post-apocalyptic world dominated by numbers, every human being has their worth measured by a special \"Count\" imprinted somewhere on their bodies, which defines any number related to an important aspect of their lives. However, if this Count decreases to 0, the person will be dragged down into \"the abyss\", and is said to be dead for all eternity.\r\n\r\n<p>For young Hina, her Count corresponds to how many hundreds of kilometers she has walked. Ever since her mother was dragged into the abyss, she has been searching for the Legendary Ace from her mother's last wish for the last five years. Hina's grueling journey takes a sudden turn when she meets a strange masked knight known as Licht Bach with a negative-numbered Count.</p>\r\n\r\n<p>(Source: Wikipedia)</p>", "alternative_title": [65], "producers": [35, 46, 48, 66, 67, 82], "licensors": [1], "studio": [53], "categorie": [1, 26, 6, 17]}}, {"model": "api.anime", "pk": 41, "fields": {"image": "anime/Eizouken-ni-wa-Te-o-Dasu-na-anime-new-poster-visual.jpeg", "name": "Eizouken ni wa Te wo Dasu na!", "type": 1, "episodes_number": 12, "minutes_per_episode": 25, "aired": "2020-01-06", "date_end": "2020-03-23", "source": 2, "rating": 2, "sinopse": "Midori Asakusa wants to create an anime, but she's too disheartened to make that first step by herself. By pure chance, she meets Tsubame Mizusaki, an up-and-coming socialite secretly dreaming of becoming an animator. Together with Midori's money-loving best friend Sayaka Kanamori, the energetic trio start the \"Eizouken\" club and slowly work towards making their \"greatest world\" a reality.\r\n\r\n<p>(Source: Wikipedia)</p>", "alternative_title": [66, 67], "producers": [63, 84, 88, 89], "licensors": [], "studio": [54], "categorie": [10, 3, 4, 14]}}, {"model": "api.anime", "pk": 42, "fields": {"image": "anime/Somali.to.Mori.no.Kamisama.full.2754669.jpeg", "name": "Somali to Mori no Kamisama", "type": 1, "episodes_number": 12, "minutes_per_episode": 23, "aired": "2020-01-10", "date_end": "2020-03-27", "source": 3, "rating": 2, "sinopse": "The world is ruled by spirits, goblins, and all manner of strange creatures. Human beings are persecuted, to the very point of extinction. One day, a golem and a lone human girl meet. This is a record of the pair, one a member of a ruined race, the other a watchman of the forest. It tells of their travels together and of the bond between father and daughter, but the golem can only live for another year or so, he must find other humans in order to get her with her own race before he dies.\r\n\r\n<p>(Source: Wikipedia)</p>", "alternative_title": [68, 69], "producers": [19, 76, 90, 91, 92, 93], "licensors": [], "studio": [25], "categorie": [3, 5, 17, 19, 28]}}, {"model": "api.anime", "pk": 43, "fields": {"image": "anime/74F3ughk6mPIDMLYHKtipGTNmt8.jpeg", "name": "Id: Invaded", "type": 1, "episodes_number": 13, "minutes_per_episode": 24, "aired": "2020-01-06", "date_end": "2020-03-23", "source": 1, "rating": 1, "sinopse": "In a world where investigators have the power to tap into a killer’s unconscious and see fragmented parts of their psyche, Narihisago, a renowned detective now in prison, is tasked with diving into the id of various serial killers to collect clues regarding a killer’s victims, crime scenes, and motives. \r\n<p>Although the murder of his daughter and later the suicide of his wife two years prior, who prompted him to hunt down and murder the killer and subsequently earning him a prison sentence, led him into a depressive state , it also served as motivation to help stop serial killers.</p>", "alternative_title": [70], "producers": [28, 40, 66, 67, 94, 95], "licensors": [1], "studio": [55], "categorie": [25, 2, 34, 23]}}, {"model": "api.anime", "pk": 44, "fields": {"image": "anime/MV5BNDYyOTdlOTAtNzI3OS00ODJjLTgxNzItYzFjZTUxZjQyNDAyXkEyXkFqcGdeQXVyMzgxODM4NjM._V1_.jpeg", "name": "Isekai Quartet", "type": 1, "episodes_number": 12, "minutes_per_episode": 12, "aired": "2019-04-10", "date_end": "2019-06-26", "source": 1, "rating": 2, "sinopse": "One day, a magic button suddenly appears. The protagonists from KonoSuba, Overlord, Re:Zero − Starting Life in Another World, and The Saga of Tanya the Evil all press the button occasionally, unintentionally and move to a parallel world — another brand new isekai — where a new story featuring high school life begins.\r\n\r\n<p>(Source: Wikipedia)</p>", "alternative_title": [71], "producers": [67], "licensors": [1], "studio": [47], "categorie": [17, 4, 20]}}, {"model": "api.anime", "pk": 45, "fields": {"image": "anime/103383l.jpeg", "name": "Isekai Quartet 2", "type": 1, "episodes_number": 12, "minutes_per_episode": 11, "aired": "2020-01-15", "date_end": "2020-04-01", "source": 1, "rating": 2, "sinopse": "Season 2 of Isekai Quartet.\r\n\r\n<p>Even though they finished all the tasks given, their role as students is far from over. Although still unfamiliar with the world, the class of eccentric personalities start to grow fonder of each other. </p>\r\n<p>But with the arrival of new transfer students, the protagonists of The “Rising of the Shield Hero” and “Cautious Hero: The Hero is Overpowered but Overly Cautious”, new antics are on the rise.</p>", "alternative_title": [72], "producers": [67], "licensors": [1], "studio": [47], "categorie": [17, 4, 20]}}, {"model": "api.anime", "pk": 46, "fields": {"image": "anime/106801l.jpeg", "name": "Isekai Quartet 3", "type": 1, "episodes_number": null, "minutes_per_episode": null, "aired": null, "date_end": null, "source": 1, "rating": 2, "sinopse": "Third Season of Isekai Quartet.", "alternative_title": [73], "producers": [67], "licensors": [], "studio": [], "categorie": [17, 4, 20]}}, {"model": "api.anime", "pk": 47, "fields": {"image": "anime/104666l.jpeg", "name": "Murenase! Seton Gakuen", "type": 1, "episodes_number": 12, "minutes_per_episode": 23, "aired": "2020-01-07", "date_end": "2020-03-24", "source": 2, "rating": 2, "sinopse": "Due to a population decline, there are fewer humans than there are humanoid animals. Jin Mazama is a human boy who attends Seton Academy where the majority of students are animals. Jin hates animals, but as luck would have it, a female human named Hitomi Hino catches his eye. Unfortunately, Jin finds himself grabbing the attention of other animals such as Ranka Ōkami, a wolf who is the only one in her pack.\r\n\r\n<p>(Source: Wikipedia)</p>", "alternative_title": [74, 75], "producers": [38, 42, 96, 97, 98], "licensors": [], "studio": [30], "categorie": [4, 14]}}, {"model": "api.anime", "pk": 48, "fields": {"image": "anime/f110423194504f68020e11fec9b7c937.jpeg", "name": "Infinite Dendrogram", "type": 1, "episodes_number": 13, "minutes_per_episode": 23, "aired": "2020-01-09", "date_end": "2020-04-16", "source": 4, "rating": 2, "sinopse": "In the year 2043, the virtual reality MMORPG Infinite Dendrogram is released, featuring the ability to perfectly simulate players' five senses. Nearly two years later, Reiji Mukudori enters the world of Infinite Dendrogram and assumes the name \"Ray Starling\", and upon his arrival, he is joined by his more experienced brother Shuu and his Embryo companion Nemesis. \r\n<p>As Ray explores the world of Infinite Dendrogram, he learns to make a life for himself there and meets different kinds of friends and foes.</p>\r\n\r\n<p>(Source: Wikipedia)</p>", "alternative_title": [76], "producers": [99, 100, 40, 41, 46, 24, 27, 95], "licensors": [1], "studio": [55], "categorie": [17, 18]}}, {"model": "api.anime", "pk": 49, "fields": {"image": "anime/q9od1mavzd731.jpeg", "name": "Nekopara", "type": 1, "episodes_number": 12, "minutes_per_episode": 23, "aired": "2020-01-09", "date_end": "2020-03-26", "source": 8, "rating": 2, "sinopse": "The siblings Kashou and Shigure Minazuki enjoy the company of six catgirls. Chocola and Vanilla assist Kashou in his job as a baker at the patisserie La Soleil, while the others—Coconut, Azuki, Cinnamon, and Maple—accompany Shigure in her daily life back at their home.\r\n\r\n<p>One afternoon, when Chocola goes out for an errand, she notices a green-haired kitten alone by herself at a park and decides to bring her back to the patisserie. Soon after, the Minazuki household adopts her and gives her a name: Cacao. With a new member in their family, the members of the Minazuki household continue their everyday lives—bound to become livelier than ever.</p>\r\n\r\n<p>(Source: MyAnimeList)</p>", "alternative_title": [77], "producers": [19, 24, 39, 41, 50, 101], "licensors": [1], "studio": [56], "categorie": [19, 4]}}, {"model": "api.anime", "pk": 50, "fields": {"image": "anime/104540l.jpeg", "name": "Runway de Warette", "type": 1, "episodes_number": 12, "minutes_per_episode": 24, "aired": "2020-01-11", "date_end": "2020-03-28", "source": 2, "rating": 2, "sinopse": "Ikuto Tsumura is an Highschool student who aspires to become a fashion designer, however he had to put that dream aside due to his family’s financial struggles. However, after befriending Chiyuki Fujito, a model blessed with looks but lacking the minimum height to become a model,  they work together to rebel against conventions and carve their own paths in the fashion world.", "alternative_title": [79, 80], "producers": [4, 9, 51], "licensors": [1], "studio": [57], "categorie": [19, 5, 6, 14]}}, {"model": "api.anime", "pk": 51, "fields": {"image": "anime/102447l.jpeg", "name": "Pet", "type": 1, "episodes_number": 13, "minutes_per_episode": 23, "aired": "2020-01-06", "date_end": "2020-03-30", "source": 2, "rating": 1, "sinopse": "In ancient China, martial artists had developed a psychoactive technique that allows its users to enter the subconsciousness of the human mind by manipulating their enemies' memories via their \"Peak\", where their most treasured memories are visible and their \"Valley\", where their most negative memories are suppressed. \r\n<p>Later during the 21st century, an organization called \"The Company\" are tasked with retrieving and securing the descendants of said martial artists by turning them into \"Pets\", mindless hitmen against various targets who might pose a threat. </p>\r\n\r\n<p>(Source: Wikipedia)</p>", "alternative_title": [81], "producers": [55, 102, 103], "licensors": [], "studio": [20], "categorie": [24, 25, 10, 23]}}, {"model": "api.anime", "pk": 52, "fields": {"image": "anime/rhxzs0fafty31.jpeg", "name": "Heya Camp△", "type": 1, "episodes_number": 12, "minutes_per_episode": 3, "aired": "2020-01-06", "date_end": "2020-03-23", "source": 2, "rating": 2, "sinopse": "Follow the Outdoor Activities Club as they travel around the Yamanashi prefecture to collect stamps and explore what the region has to offer.\r\n\r\n<p>(Source: IMDb)</p>", "alternative_title": [82, 83], "producers": [36, 40, 41, 104, 105, 106, 47, 24], "licensors": [], "studio": [16], "categorie": [19, 4]}}, {"model": "api.anime", "pk": 53, "fields": {"image": "anime/ka.jpeg", "name": "Koisuru Asteroid", "type": 1, "episodes_number": 12, "minutes_per_episode": 23, "aired": "2020-01-03", "date_end": "2020-03-27", "source": 5, "rating": 2, "sinopse": "During her childhood, a girl named Mira befriends a boy named Ao and makes a promise with him to discover an asteroid. Upon entering high school, Mira joins the earth sciences club, a merger of the school's astronomy and geology clubs, and reunites with Ao, who she discovers is actually a girl. Alongside their fellow club members, Mira and Ao take part in various astronomical and geological activities in the hopes of one day discovering an asteroid.\r\n\r\n<p>(Source: Wikipedia)</p>", "alternative_title": [84, 85], "producers": [24, 66, 67, 86, 104, 107, 108], "licensors": [], "studio": [44], "categorie": [19, 4, 14]}}, {"model": "api.anime", "pk": 54, "fields": {"image": "anime/104481l.jpeg", "name": "Majutsushi Orphen Hagure Tabi", "type": 1, "episodes_number": 13, "minutes_per_episode": 23, "aired": "2020-01-07", "date_end": "2020-03-31", "source": 4, "rating": 2, "sinopse": "The young man Orphen engages in money lending activities in the back streets of the commercial city of Totokanta. Once, he was known as one of the Tower of Fang's most promising black sorcerers. One day, Orphen was approached by Volkan and Dortin, who had a very profitable money making scheme set up.\r\n<p> Under the guise of wealthy merchants, they set forth toward the Everlasting household to partake in a marriage fraud. But, there was one problem: Volcan's plan was full of holes, leading one of the sisters to find out about their plan too. </p>\r\n<p>Then suddenly, a huge monster attacks the mansion. Among all the commotion, one name rings out: Azalie. This monster was his older sister Azalie who transformed into a dragonic monster. </p>\r\n\r\n<p>(Source: Wikipedia)</p>", "alternative_title": [86, 87], "producers": [43, 109, 77, 13, 110, 111, 112, 113, 114, 115, 116, 117], "licensors": [1], "studio": [28], "categorie": [1, 3, 5, 15, 17, 29]}}, {"model": "api.anime", "pk": 55, "fields": {"image": "anime/MV5BYzRhZDExNzMtYmFkZC00YjYyLTg1NTUtMTlmOTY1N2I4NjRmXkEyXkFqcGdeQXVyMzI2Mjc1NjQ._V1_.jpeg", "name": "Boku no Tonari ni Ankoku Hakaishin ga Imasu.", "type": 1, "episodes_number": 12, "minutes_per_episode": 23, "aired": "2020-01-11", "date_end": "2020-03-28", "source": 2, "rating": 2, "sinopse": "Koyuki Seri is just trying to have a normal school life, but instead he ends up acting as the straight man to his odd classmate, Hanatori Kabuto. \r\n\r\n<p>Kabuto is is a delusional high school student, whose fantasies range from believing he is a knight on a journey, to claiming that removing his eyepatch will release a darker alter-ego who he refers to as Michael Offenbarung Dunkelheit. Seri is determined not to let himself get pushed around by Kabuto, but it seems that this will be easier said than done.</p>\r\n\r\n<p>(Source: IMDb)</p>", "alternative_title": [89, 90], "producers": [67, 76, 115, 119, 24, 121, 122, 91, 120], "licensors": [], "studio": [58], "categorie": [19, 4, 14]}}, {"model": "api.anime", "pk": 56, "fields": {"image": "anime/242033.jpeg", "name": "Hatena☆Illusion", "type": 1, "episodes_number": 12, "minutes_per_episode": 24, "aired": "2020-01-09", "date_end": "2020-06-04", "source": 4, "rating": 2, "sinopse": "Makoto Shiranui dreams of becoming a magician and arrives in Tokyo to become a student of the world-famous illusionist Mamoru Hoshisato, a friend of his family. At the station, he is robbed, and when he arrives at the teacher's mansion, it turns out that Kana, the daughter of his future teacher, has changed a lot. And now they do not understand each other at all.\r\n\r\n<p> (Source: Wikipedia) </p>", "alternative_title": [91, 92], "producers": [65, 116, 123], "licensors": [1], "studio": [59], "categorie": [16, 24, 26, 4]}}, {"model": "api.anime", "pk": 57, "fields": {"image": "anime/104542l.jpeg", "name": "22/ 7", "type": 1, "episodes_number": 12, "minutes_per_episode": 24, "aired": "2020-01-11", "date_end": "2020-03-28", "source": 7, "rating": 2, "sinopse": "The story focuses on eight girls who are each sent a mysterious invitation from a talent agency called G.I. Productions. Upon assembling together, the girls are immediately told to form an idol group known as 22/7, following orders printed out by a mysterious entity known only as \"The Wall\".\r\n\r\n<p> (Source: Wikipedia) </p>", "alternative_title": [], "producers": [16, 17, 38, 40, 84, 124, 125], "licensors": [7], "studio": [7], "categorie": [35]}}, {"model": "api.anime", "pk": 58, "fields": {"image": "anime/104708l.jpeg", "name": "Oshi ga Budoukan Ittekuretara Shinu", "type": 1, "episodes_number": 12, "minutes_per_episode": 24, "aired": "2020-01-10", "date_end": "2020-03-27", "source": 1, "rating": null, "sinopse": "Eripiyo is initially a woman leading a normal life until it is turned upside down after watching a performance of the minor idol group ChamJam, which leads her to becoming obsessed with one of its members, Maina Ichii.\r\n<p> Despite Eripiyo's enthusiasm towards her, Maina is consistently the least popular member of the group, leaving Eripiyo to take it upon herself to buy a lot of Maina's merchandise.Due to her using almost all of her money to buy this merchandise, Eripiyo has only a single tracksuit she wears all the time. </p>\r\n<p>Eripiyo continues to work several part-time jobs to support Maina, and Maina herself increasingly becomes concerned that Eripiyo is pushing herself too hard for her.</p>\r\n\r\n<p> (Source: Wikipedia) </p>", "alternative_title": [93, 94], "producers": [14, 19, 81, 126], "licensors": [1], "studio": [29], "categorie": [33, 35, 4, 10, 19]}}, {"model": "api.anime", "pk": 59, "fields": {"image": "anime/bx108628-TmkHwStCyOoX.jpeg", "name": "number24", "type": 1, "episodes_number": 12, "minutes_per_episode": 23, "aired": "2020-01-08", "date_end": "2020-04-15", "source": 1, "rating": 2, "sinopse": "The anime's college rugby story centers on Natsusa Yuzuki, who expects to be an ace on the rugby team when he enrolls in college. However, he is no longer able to play rugby due to certain circumstances. Ibuki Ueoka is an older fellow student who quit rugby. Yasunari Tsuru is a younger student who finds Natsusa disagreeable. Yuu Mashiro is a younger student who admires and follows Natsusa. Seiichirou Shingyou is Natsusa's close childhood friend. Together, they compete in the Kansai university rugby league.\r\n\r\n<p>(Source: Anime News Network)</p>", "alternative_title": [], "producers": [19, 38, 62, 127, 128], "licensors": [], "studio": [60], "categorie": [14, 31]}}, {"model": "api.anime", "pk": 60, "fields": {"image": "anime/natsunagu.jpeg", "name": "Natsunagu!", "type": 1, "episodes_number": 12, "minutes_per_episode": 5, "aired": "2020-01-07", "date_end": "2020-03-04", "source": 1, "rating": 2, "sinopse": "The story follows the coming-of-age of Natsuna Keyaki, a college student from Tokyo who goes to Kumamoto after losing contact with her friend after the 2016 earthquakes. There, she meets individuals with colorful personalities, such as middle school girl Izumi, who begin to light a passion in Natsuna.\r\n\r\n<p>(Source: Anime News Network)</p>", "alternative_title": [95], "producers": [], "licensors": [], "studio": [61], "categorie": [19, 5]}}, {"model": "api.anime", "pk": 61, "fields": {"image": "anime/A22909-1659306479.1593170775.jpeg", "name": "BanG Dream! 3rd Season", "type": 1, "episodes_number": 13, "minutes_per_episode": 23, "aired": "2020-01-23", "date_end": "2020-04-23", "source": 1, "rating": 2, "sinopse": "The girl-powered bands are gigging again. That means Poppin’Party and other fan favorites are set to return for an all new season of BanG Dream! Now that Kasumi and the rest of Poppin’Party are taking charge of their own show, the sky’s the limit for their rockin’ musical ambitions and dreams of stardom. But they’ll have to contend with other bands looking for their big break, and their friendship will be put to the ultimate test as they rock their way to the top of the charts!\r\n\r\n<p>(Source: Sentai Filmworks)</p>", "alternative_title": [], "producers": [20, 38, 50, 129, 130, 131], "licensors": [8], "studio": [62], "categorie": [35]}}, {"model": "api.anime", "pk": 62, "fields": {"image": "anime/A22440-2623696889.1566161232.jpeg", "name": "A3! Season Spring & Summer", "type": 1, "episodes_number": 12, "minutes_per_episode": 23, "aired": "2020-01-14", "date_end": "2020-06-23", "source": 6, "rating": 2, "sinopse": "Mankai Company is a far cry from its glory days as an all-male theater. With only one member left and debt collectors at the door, it’s no wonder Izumi Tachibana finds herself in over her head when she boldly confronts the yakuza’s loan sharks, promising to bring her father’s theater back into the spotlight. She might be able to recruit enough talent, but can they bloom into the actors she needs?\r\n\r\n<p>(Source: Funimation)</p>", "alternative_title": [], "producers": [14, 132], "licensors": [1], "studio": [63, 64], "categorie": [19, 5]}}, {"model": "api.anime", "pk": 63, "fields": {"image": "anime/bx109964-WLzxb4UNBJxM.jpeg", "name": "Uchi Tama?! Uchi no Tama Shirimasen ka?", "type": 1, "episodes_number": 11, "minutes_per_episode": 23, "aired": "2020-01-10", "date_end": "2020-03-20", "source": 1, "rating": 2, "sinopse": "District 3 is home to an unusually high number of pets, with many homes and even businesses having a resident cat or dog. Most of them know each other well, so they often hang out with each other when their humans aren't around. Tama is one such pet: a cat with a bad habit of getting lost.\r\n\r\n<p>(Source: Anime News Network)</p>", "alternative_title": [96, 97], "producers": [8, 17, 22, 133], "licensors": [7], "studio": [52, 65], "categorie": [19]}}, {"model": "api.anime", "pk": 64, "fields": {"image": "anime/A22528-3518391800.1575581486.jpeg", "name": "Oda CInnamon Nobunaga", "type": 1, "episodes_number": 12, "minutes_per_episode": 23, "aired": "2020-01-11", "date_end": "2020-03-28", "source": 2, "rating": 2, "sinopse": "The warlord Oda Nobunaga perishes at Honnōji as in history, and reincarnates in modern-day Japan as a dog named Cinnamon. Other Warring States era warlords such as Takeda Shingen eventually join him, also as dogs.\r\n\r\n<p> (Source: Anime News Network) </p>", "alternative_title": [98], "producers": [134, 39, 135, 44, 22, 23, 90, 93], "licensors": [], "studio": [66], "categorie": [27, 10, 19, 4]}}, {"model": "api.anime", "pk": 65, "fields": {"image": "anime/bx110090-g1mRz40rSSqh.jpeg", "name": "Yatogame-chan Kansatsu Nikki Nisatsume", "type": 1, "episodes_number": 12, "minutes_per_episode": 3, "aired": "2020-01-05", "date_end": "2020-03-22", "source": 5, "rating": 2, "sinopse": "The second season of Yatogame-chan Kansatsu Nikki.", "alternative_title": [99, 100], "producers": [131], "licensors": [], "studio": [67, 68], "categorie": [19, 4, 6, 14]}}, {"model": "api.anime", "pk": 66, "fields": {"image": "anime/bx113470-Ecw16VC6b2V2.jpeg", "name": "Show By Rock!! Mashumairesh!!", "type": 1, "episodes_number": 12, "minutes_per_episode": 23, "aired": "2020-01-09", "date_end": "2020-03-26", "source": 6, "rating": 2, "sinopse": "The new anime will center around the band Mashumairesh!!!!, which includes guitarist and vocalist Howan of fox lineage, guitarist and vocalist MashimaHimeko of striped cat lineage, bassist and vocalist Delmin of the Devilmint Kiryuu lineage, and drummer and vocalist Ruhuyu of wolf-girl lineage.\r\n\r\n<p>(Source: Anime News Network)</p>", "alternative_title": [101], "producers": [36, 38, 136, 41, 106, 137, 138, 139, 14, 48, 22, 23], "licensors": [1], "studio": [69], "categorie": [35, 4]}}, {"model": "api.anime", "pk": 67, "fields": {"image": "anime/bx113851-sAw8CmlEXV2t.jpeg", "name": "Breakers", "type": 1, "episodes_number": 16, "minutes_per_episode": 8, "aired": "2020-01-07", "date_end": "2020-03-26", "source": 1, "rating": 2, "sinopse": "The anime centers on para-athletes who all meet an outcast sports scientist named Ren Narita. The anime has four stories about four different sports: wheelchair basketball, track and high jump, goalball, and paralympic swimming.\r\n\r\n<p>(Source: Anime News Network)</p>", "alternative_title": [102], "producers": [3, 89], "licensors": [], "studio": [70], "categorie": [31]}}, {"model": "api.anime", "pk": 68, "fields": {"image": "anime/bx112748-TkfRFNCgQFQX.jpeg", "name": "Healin' Good♡Precure", "type": 1, "episodes_number": null, "minutes_per_episode": 24, "aired": "2020-02-02", "date_end": null, "source": 1, "rating": 5, "sinopse": "Deep inside the Earth lies a magical place called the \"Healing Garden\", which cared for the planet for centuries and is been protected by animal-like fairies named \"Healing Animals\". However, the garden was attacked by the antagonistic group called Bjögens whose goal is to infect the garden and slowly poison the planet. In order to save the Healing Garden, Latte escaped to the human world alongside three \"medical trainee\" Healing Animals, on a mission to find three people who can partner with them. \r\n<p>After they meet Nodoka, Chiyu and Hinata, Latte pleaded them to fight for the Healing Garden as they became Pretty Cures in order to fight against the threat of the Bjögens and protect all life on Earth and the Healing Garden.</p>\r\n\r\n<p>(Source: Wikipedia)</p>", "alternative_title": [103], "producers": [16, 30, 140], "licensors": [], "studio": [5], "categorie": [1, 17, 9, 15]}}, {"model": "api.anime", "pk": 69, "fields": {"image": "anime/bx110615-BPAvwgEZ7iTn.jpeg", "name": "ARP Backstage Pass", "type": 1, "episodes_number": 10, "minutes_per_episode": 23, "aired": "2020-01-13", "date_end": "2020-03-30", "source": 7, "rating": 2, "sinopse": "ARP (nominally an abbreviation for Artists Republic Production) is a dance vocal group which holds live performances — featuring singing, dancing, and interactive talking with the audience — in real-time using the latest augmented-reality technology. The ikemen (handsome) group members include their de facto leader Shinji, the talented dancer León, and the members of the Rebel Cross duo (designer Daiya and composer/writer Rage).\r\n\r\n<p>(Source: Anime News Network)</p>", "alternative_title": [], "producers": [9, 31, 38, 67, 141, 142], "licensors": [], "studio": [71], "categorie": [35]}}, {"model": "api.anime", "pk": 71, "fields": {"image": "anime/bx114417-xJtoo8pbK3xz.jpeg", "name": "Hensatsu", "type": 1, "episodes_number": 12, "minutes_per_episode": 2, "aired": "2020-01-04", "date_end": "2020-03-21", "source": 1, "rating": 5, "sinopse": "Hentatsu follows two girls exploring a seemingly abandoned version of Nakano Broadway, a Tokyo shopping mall known for Mandarake and other shops catering to fans of anime and other forms of pop culture.\r\n\r\n<p>(Source: Anime News Network)</p>", "alternative_title": [104], "producers": [], "licensors": [], "studio": [72], "categorie": [25, 3]}}, {"model": "api.anime", "pk": 72, "fields": {"image": "anime/bx113469-hswG1FLukvx6.jpeg", "name": "Rebirth", "type": 1, "episodes_number": null, "minutes_per_episode": 3, "aired": "2020-01-05", "date_end": null, "source": 10, "rating": 2, "sinopse": "The series revolves around a team of 12 high school students who love to play the trading card game Rebirth For You.\r\n\r\n<p>(Source: Anime News Network)</p>", "alternative_title": [105], "producers": [143], "licensors": [], "studio": [23], "categorie": [18, 19, 4]}}, {"model": "api.anime", "pk": 73, "fields": {"image": "anime/bx116415-Fi9mOTBYVb4p.jpeg", "name": "Bakugan: Armored Alliance", "type": 1, "episodes_number": 52, "minutes_per_episode": 22, "aired": "2020-02-16", "date_end": null, "source": 1, "rating": 3, "sinopse": "The second season of Bakugan Battle Planet.", "alternative_title": [106], "producers": [80], "licensors": [], "studio": [36], "categorie": [1, 18, 17]}}, {"model": "api.anime", "pk": 74, "fields": {"image": "anime/hulaing.png.jpeg", "name": "Hulaing Babies Petit", "type": 1, "episodes_number": 12, "minutes_per_episode": 1, "aired": "2020-01-08", "date_end": "2020-03-25", "source": 1, "rating": 2, "sinopse": "The anime centered on a group of young girls and their struggle as they aim to become Hula Girls.\r\n\r\n<p> (Source: Anime News Network) </p>", "alternative_title": [107], "producers": [], "licensors": [], "studio": [73], "categorie": [19, 4]}}, {"model": "api.anime", "pk": 75, "fields": {"image": "anime/bx114657-TfKEg5xEN0h1.jpeg", "name": "Marumaru Manul", "type": 1, "episodes_number": null, "minutes_per_episode": 1, "aired": "2020-01-06", "date_end": null, "source": 11, "rating": null, "sinopse": "The comedy story follows the daily life of a somewhat flippant Pallas's cat or manul named Manul-kun, an orange tabby cat named Chatora-kun, Sukofu-kun, and other cats.\r\n\r\n<p>(Source: Anime News Network)</p>", "alternative_title": [108], "producers": [], "licensors": [], "studio": [74], "categorie": [4]}}, {"model": "api.anime", "pk": 76, "fields": {"image": "anime/bx107067-UOEanLoeuvYh.jpeg", "name": "Rikei ga Koi ni Ochita no de Shoumei shitemita.", "type": 4, "episodes_number": 12, "minutes_per_episode": 24, "aired": "2020-01-11", "date_end": "2020-01-11", "source": 3, "rating": 2, "sinopse": "Yukimura Shinya, and Himuro Ayame are two scientists that want to find out if love can be solved by a scientific theory. These two scientists also have feelings for each other and want to be able to solve their true feelings through similar theoretical facts. With this perfect opportunity, these scientists will attempt to solve the theory of the love they express for each other.\r\n\r\n<p>(Source: MangaUpdates)</p>", "alternative_title": [109, 110], "producers": [68, 70, 40, 138, 144, 145, 146, 115, 147], "licensors": [], "studio": [75], "categorie": [16, 4]}}, {"model": "api.anime", "pk": 77, "fields": {"image": "anime/bx114121-vxWVgIBlBjox.jpeg", "name": "Xian Wang de Richang Shenghuo", "type": 4, "episodes_number": 15, "minutes_per_episode": 18, "aired": "2020-01-18", "date_end": "2020-03-28", "source": 4, "rating": 2, "sinopse": "Wang Ling has developed incredible abilities from an early age. However, in order to lead an ordinary life, he decides to confine his powers in a talisman. Unfortunately, his sweet daily life is threatened when he has to participate in a competition after he enters high school.\r\n\r\n<p> (Source: Anilist)</p>", "alternative_title": [111, 112], "producers": [], "licensors": [11], "studio": [43], "categorie": [3, 4, 14, 17, 19, 28]}}, {"model": "api.anime", "pk": 78, "fields": {"image": "anime/bx112686-vZCeCpw9oYB4_c77XZXL.jpeg", "name": "7 Seeds 2nd Season", "type": 4, "episodes_number": 12, "minutes_per_episode": 24, "aired": "2020-03-26", "date_end": "2020-03-26", "source": 2, "rating": 4, "sinopse": "Ryo and Ango are banished from the community for their actions and Team Summer A's remaining members also condemn them and choose to stay. Meanwhile, Hana has survived but is lost and on her own. Ryo and Ango come across Summer B and hesitantly join their group.\r\n\r\n<p>(Source: Anime News Network) </p>", "alternative_title": [], "producers": [43, 12, 15], "licensors": [9], "studio": [76, 77], "categorie": [2, 3, 5, 9, 16, 23, 25]}}, {"model": "api.anime", "pk": 79, "fields": {"image": "anime/bx109586-N6FtjTtCWB4G.jpeg", "name": "Mushikago no Cagaster", "type": 4, "episodes_number": 12, "minutes_per_episode": 25, "aired": "2020-02-06", "date_end": "2020-02-06", "source": 2, "rating": null, "sinopse": "Set in a post-apocalyptic world where a mysterious disease “Cagaster” turns people into giant murderous insects, a young couple struggles to stay alive.\r\n\r\n<p>(Source: Anime News Network)</p>", "alternative_title": [113, 114], "producers": [], "licensors": [], "studio": [77], "categorie": [1, 2, 5]}}, {"model": "api.anime", "pk": 80, "fields": {"image": "anime/bx114113-v0LtTzpFiCrM.jpeg", "name": "Jie Yao", "type": 4, "episodes_number": 13, "minutes_per_episode": 18, "aired": "2020-01-09", "date_end": "2020-03-26", "source": 4, "rating": 2, "sinopse": "Cheng Ke quit his original job in pursuit of art, and did not know Jiang Yu. He also became his tenant and started a new life. The strangers in these two different fields of work started to conflict, from mutual rejection to mutual understanding. Through hard work and struggle, they each achieved success and moved towards a better future.\r\n\r\n<p>(Source: Bilibili)</p>", "alternative_title": [115, 116], "producers": [], "licensors": [], "studio": [78], "categorie": [19, 4, 6]}}, {"model": "api.anime", "pk": 81, "fields": {"image": "anime/bx115715-K5yG9XQ8kHsq.jpeg", "name": "Altered Carbon: Resleeved", "type": 4, "episodes_number": 1, "minutes_per_episode": 74, "aired": "2020-03-19", "date_end": "2020-03-19", "source": 7, "rating": null, "sinopse": "Spin-off based on Netflix's live-action Sci-Fi series of the same name.\r\n\r\nOn the planet Latimer, Takeshi Kovacs must protect a tattooist while investigating the death of a yakuza boss alongside a no-nonsense CTAC.\r\n\r\n<p>(Source: Netflix)</p>", "alternative_title": [117], "producers": [], "licensors": [], "studio": [79], "categorie": []}}, {"model": "api.anime", "pk": 82, "fields": {"image": "anime/bx112033-OJCATuZi1FGz.jpeg", "name": "Zenonzard The Animation", "type": 4, "episodes_number": null, "minutes_per_episode": 14, "aired": "2020-01-31", "date_end": null, "source": 6, "rating": 2, "sinopse": "The year 20XX. Humans called \"Concodes\" and ultra-high-performance AI called \"Codeman\" team up as buddies to compete in the card battle game ZENONZARD. People are going wild with excitement at the world championships, THE ZENON.\r\n\r\nOne day, Souta Azuma, an average high school student, is challenged to a battle by a mysterious woman, Eilietta Lash. She reveals that she’s a Codeman and that her intent is to team up with Souta and participate in THE ZENON. Souta reluctantly agrees. Souta and Eilietta’s first opponent turns out to be the super-famous player Shion Saionji, who attends Souta’s school, and her buddy, Ash Claude.\r\n\r\n<p>(Source: Zenonzard YouTube channel)</p>", "alternative_title": [118], "producers": [62], "licensors": [], "studio": [29], "categorie": [1, 18, 17]}}, {"model": "api.anime", "pk": 83, "fields": {"image": "anime/bx116923-ASmRIGda4ZZb.jpeg", "name": "Eizouken Mini Anime", "type": 4, "episodes_number": 13, "minutes_per_episode": 1, "aired": "2020-01-08", "date_end": "2020-03-24", "source": 2, "rating": 2, "sinopse": "Chibi shorts posted on the official Eizouken twitter account. It was later included in the BD release.\r\n\r\n<p> (Source: Anilist) </p>", "alternative_title": [119], "producers": [], "licensors": [], "studio": [80], "categorie": [4]}}, {"model": "api.anime", "pk": 84, "fields": {"image": "anime/bx115107-GUXZ5XoMfNYW.jpeg", "name": "Digimon Adventure: 20 Shuunen Memorial Story", "type": 4, "episodes_number": 5, "minutes_per_episode": 6, "aired": "2020-02-01", "date_end": null, "source": 1, "rating": 5, "sinopse": "A series of prequel anime shorts that will tell side stories not shown in Digimon Adventure: Last Evolution Kizuna.\r\n\r\n<p>Over ten years have passed since that initial adventure. Sora worries over what she should do with her future. What choice has she ultimately arrived at?</p>\r\n\r\n<p>(Source: Toei Animation)</p>", "alternative_title": [120, 121], "producers": [148], "licensors": [], "studio": [5], "categorie": [3, 5]}}, {"model": "api.anime", "pk": 85, "fields": {"image": "anime/105416l.jpeg", "name": "Mobile Suit Gundam G40", "type": 4, "episodes_number": 1, "minutes_per_episode": 11, "aired": "2020-01-01", "date_end": "2020-01-01", "source": 1, "rating": 2, "sinopse": "U.C. 0079 - A squadron of Zakus from the Principality of Zeon invades a neutral space colony. Amuro Ray reluctantly pilots the Gundam G40 prototype mobile suit to combat the threat, as well as Zeon ace pilot Char Aznable and his custom red Zaku II.\r\n\r\n<p>(Source: Anime News Network)</p>", "alternative_title": [122], "producers": [], "licensors": [], "studio": [1, 81], "categorie": [1, 2, 13]}}, {"model": "api.anime", "pk": 86, "fields": {"image": "anime/bx116922-dZAcMkAOW6wy.jpeg", "name": "Katarina Nounai Kaigi", "type": 4, "episodes_number": 26, "minutes_per_episode": 1, "aired": "2020-02-29", "date_end": "2020-05-08", "source": 4, "rating": 2, "sinopse": "A series of chibi shorts posted on the HameHura twitter introducing the anime.", "alternative_title": [123, 124], "producers": [26], "licensors": [], "studio": [80], "categorie": [4]}}, {"model": "api.anime", "pk": 87, "fields": {"image": "anime/108562l.jpeg", "name": "Douluo Dalu: Qian Hua Xi Jin", "type": 4, "episodes_number": 13, "minutes_per_episode": 20, "aired": "2020-02-22", "date_end": "2020-05-16", "source": 9, "rating": 2, "sinopse": "Fourth part of Douluo Dalu.", "alternative_title": [125], "producers": [], "licensors": [], "studio": [82], "categorie": [1, 3, 16, 17, 27, 29]}}, {"model": "api.anime", "pk": 88, "fields": {"image": "anime/bx114109-IAZ7tdbxIL5g.jpeg", "name": "Da Wang Bu Gaoxing", "type": 4, "episodes_number": 12, "minutes_per_episode": 7, "aired": "2020-01-01", "date_end": "2020-03-11", "source": 3, "rating": 2, "sinopse": "The story follows the daily life of Xiao Luo, a young yama (god and judge of the dead) who is scared of ghosts. In order to reign properly in the Underworld, she will try to face her fears.\r\n\r\n<p>(Source: Anilist) </p>", "alternative_title": [126], "producers": [123], "licensors": [], "studio": [43], "categorie": [4, 14, 15, 17, 28]}}, {"model": "api.anime", "pk": 89, "fields": {"image": "anime/bx116979-tBMPi7SqfMPO.jpeg", "name": "Aikatsu on Parade!", "type": 4, "episodes_number": 6, "minutes_per_episode": 12, "aired": "2020-03-28", "date_end": "2020-07-11", "source": 6, "rating": 3, "sinopse": "\"Dream School Grand Prix\" to decide the No.1 idol school among five schools representing the Aikatsu world will be held! In this competition where top idols representing each school compete on stage, Dream Academy's new idol Noel Otoshiro is selected as one of them?! For each idol's dream, a new story starts running into the shining future!\r\n\r\n<p>(Source: Crunchyroll)</p>", "alternative_title": [], "producers": [], "licensors": [], "studio": [26], "categorie": [9, 19, 14, 35]}}, {"model": "api.anime", "pk": 90, "fields": {"image": "anime/105226l.jpeg", "name": "Xue Ying Ling Zhu 2nd Season", "type": 4, "episodes_number": 4, "minutes_per_episode": null, "aired": "2020-01-02", "date_end": "2020-01-23", "source": 9, "rating": 2, "sinopse": "", "alternative_title": [127], "producers": [], "licensors": [], "studio": [], "categorie": [1, 3, 16, 17, 27, 29]}}, {"model": "api.anime", "pk": 91, "fields": {"image": "anime/bx115839-FfLiNIVq8yAq.jpeg", "name": "Ze Tian Ji 5th Season", "type": 4, "episodes_number": 12, "minutes_per_episode": 20, "aired": "2020-03-16", "date_end": "2020-05-25", "source": 9, "rating": 2, "sinopse": "The 5th season of Ze Tian Ji.", "alternative_title": [], "producers": [149, 150], "licensors": [], "studio": [83], "categorie": [1, 3, 17]}}, {"model": "api.anime", "pk": 92, "fields": {"image": "anime/bx110495-FwS5zNCLLBAx.jpeg", "name": "Microphone Soul Spinners: Kotodama Shoujo", "type": 4, "episodes_number": 24, "minutes_per_episode": 9, "aired": "2020-01-11", "date_end": "2020-08-15", "source": 1, "rating": 2, "sinopse": "Part of a new mixed-media project about virtual rap unit.", "alternative_title": [], "producers": [], "licensors": [], "studio": [], "categorie": [35]}}, {"model": "api.anime", "pk": 93, "fields": {"image": "anime/bx116978-2oQDkDhtlVxk.jpeg", "name": "Pianoman", "type": 4, "episodes_number": 1, "minutes_per_episode": 5, "aired": "2020-01-17", "date_end": "2020-01-17", "source": 1, "rating": 2, "sinopse": "The still, white space expands as far as the eye can see. A man who's lost his memory awakens. An enormous door stands before him, and there's an old temple in the distance. The building seems to be calling to him, and the man approaches it.\r\n<p>There's an old piano there.</p>\r\n<p>The moment he touches it, horrifying memories return to him. Who is this man, really? And what is the truth of this space...?</p>\r\n\r\n<p<(Source: Official YouTube Channel)</p>", "alternative_title": [], "producers": [], "licensors": [], "studio": [84], "categorie": [17, 35, 28, 23]}}, {"model": "api.anime", "pk": 94, "fields": {"image": "anime/bx115794-pxCRlV2cs6Q6.jpeg", "name": "Kyouryuu Shoujo Gauko 2nd Season", "type": 4, "episodes_number": 19, "minutes_per_episode": 9, "aired": "2020-03-20", "date_end": "2020-03-20", "source": 1, "rating": 5, "sinopse": "Second season of Kyouryuu Shoujo Gauko.\r\n\r\n<p>Naoko and her friends have more strange adventures with aliens, robots and dinosaur girl Gauko. Their ordinary town has its share of oddities!</p>\r\n\r\n<p>(Source: Netflix)</p>", "alternative_title": [128], "producers": [], "licensors": [], "studio": [], "categorie": [11, 4]}}, {"model": "api.anime", "pk": 95, "fields": {"image": "anime/105797l.jpeg", "name": "Wan Jie Shen Zhu 2nd Season", "type": 4, "episodes_number": 48, "minutes_per_episode": 9, "aired": "2020-02-01", "date_end": "2020-07-08", "source": 2, "rating": 2, "sinopse": "Second season of Wan Jie She Zhu.", "alternative_title": [], "producers": [], "licensors": [], "studio": [85], "categorie": [17, 3]}}, {"model": "api.anime", "pk": 96, "fields": {"image": "anime/bx123382-vF7dgppbF4eR.jpeg", "name": "Ninjala Episode 0", "type": 4, "episodes_number": 1, "minutes_per_episode": 9, "aired": "2020-03-30", "date_end": "2020-03-30", "source": 6, "rating": 5, "sinopse": "WNA researchers Burton, Berecca, and Ron continue their tireless efforts to develop \"Ninja-Gum\"; a mysterious substance that activates latent Ninja DNA in people descended from those legendary mercenary warriors (alt: those legendary mercenaries from days gone by). Today, all their hard work finally pays off. It is here - on their 2,503rd attempt - that they finally succeed in producing Ninja-Gum! Burton and Berecca can barely contain their excitement, and waste no time in trying the gum for themselves! But then...\r\n\r\n<p>(Source: Official YouTube channel)</p>", "alternative_title": [129], "producers": [], "licensors": [], "studio": [86], "categorie": [2, 11, 29]}}, {"model": "api.anime", "pk": 97, "fields": {"image": "anime/b121247-V9pgpKJ2RJwl.jpeg", "name": "Sita Wihayeo", "type": 4, "episodes_number": null, "minutes_per_episode": 4, "aired": "2020-02-26", "date_end": null, "source": 3, "rating": 2, "sinopse": "A medical student passionately falls in love with a fallen goddess during his volunteer abroad in Nepal, and he desperately tries to fight off destiny to save his love.\r\n\r\n<p>(Source: Line Webtoon)</p>", "alternative_title": [130], "producers": [], "licensors": [], "studio": [87], "categorie": [16, 17, 5, 15]}}, {"model": "api.anime", "pk": 98, "fields": {"image": "anime/bx119592-TpYSpOBVbX21.jpeg", "name": "Man with a Mission The Animation", "type": 4, "episodes_number": 6, "minutes_per_episode": 3, "aired": "2020-03-16", "date_end": "2020-04-15", "source": 1, "rating": 2, "sinopse": "A short 3DCG anime series for the Japanese rock band MAN WITH A MISSION.", "alternative_title": [], "producers": [151], "licensors": [], "studio": [], "categorie": [35, 4]}}, {"model": "api.anime", "pk": 99, "fields": {"image": "anime/108739l.jpeg", "name": "Blue: Line Step Brush", "type": 4, "episodes_number": 1, "minutes_per_episode": 1, "aired": "2020-02-14", "date_end": "2020-02-14", "source": 1, "rating": 5, "sinopse": "", "alternative_title": [], "producers": [], "licensors": [], "studio": [17], "categorie": [19, 5]}}, {"model": "api.anime", "pk": 100, "fields": {"image": "anime/bx114558-qbES85w38CWZ.jpeg", "name": "Quing Chi Hong Xiaodou Ba! 3rd Season", "type": 4, "episodes_number": 12, "minutes_per_episode": 6, "aired": "2020-01-12", "date_end": "2020-04-05", "source": 1, "rating": 5, "sinopse": "", "alternative_title": [131], "producers": [123], "licensors": [], "studio": [88], "categorie": []}}, {"model": "api.anime", "pk": 101, "fields": {"image": "anime/bx116966-Sej5lBaN6ekn.jpeg", "name": "Xing You Ji: Fengbao Famila 2", "type": 4, "episodes_number": 1, "minutes_per_episode": 88, "aired": "2020-03-28", "date_end": "2020-03-28", "source": 1, "rating": null, "sinopse": "In the future where the entire universe can be traveled freely, the competitive reality show \"Storm Familla\" held on Jupiter is all the rage in the solar system. This year's championship will begin with a match between McDonald and Aurora.\r\n<p> (Source: Anilist)</p>", "alternative_title": [], "producers": [], "licensors": [], "studio": [], "categorie": [1, 2, 3]}}, {"model": "api.anime", "pk": 102, "fields": {"image": "anime/bx120510-685INIkfMGyR.jpeg", "name": "Gonfu Tu Yu Cai Bao Gou 2nd Season", "type": 4, "episodes_number": 10, "minutes_per_episode": 5, "aired": "2020-01-22", "date_end": "2020-01-22", "source": 1, "rating": null, "sinopse": "The second season of Kung Fu Bunny", "alternative_title": [132], "producers": [], "licensors": [], "studio": [89], "categorie": [4]}}, {"model": "api.anime", "pk": 103, "fields": {"image": "anime/bx112125-iho4D7GD13at.jpeg", "name": "Dungeon ni Deai wo Motomeru no wa Machigatteiru Darou ka II OVA", "type": 3, "episodes_number": 1, "minutes_per_episode": 26, "aired": "2020-01-29", "date_end": "2020-01-29", "source": 4, "rating": null, "sinopse": "Bell and the gang found themselves in a hot spring at the end of their last adventure, and this time they’re ready for a little R&R at the beach! Hestia, Lili and Haruhime waste no time trying to win Bell over with their charms and run into unexpected competition once Ais crashes the party. However, the usually stoic sword maiden is acting surprisingly carefree...\r\n\r\n<p>(Source: Sentai Filmworks)</p>", "alternative_title": [133], "producers": [], "licensors": [8], "studio": [14], "categorie": [3, 4, 16, 17, 26]}}, {"model": "api.anime", "pk": 104, "fields": {"image": "anime/104681l.jpeg", "name": "Honzuki no Gekokujou: Shisho ni Naru Tame ni wa Shudan wo Erandeiraremasen OVA", "type": 3, "episodes_number": 1, "minutes_per_episode": 24, "aired": "2020-03-10", "date_end": "2020-03-10", "source": 4, "rating": 2, "sinopse": "Eustachius's Incognito Operation Downtown\r\nAfter it was agreed that Myne'll join the church, Ferdinand entrusted Eckhard and Eustachius to go to downtown and look for any information they could find about Myne.\r\n\r\n<p>Visiting Missus Corinna\r\nDue to Corinna's summons to Myne to see the outfit and hairpin Myne wore at her baptism, Tuuli and Effa decided to accompany her. </p>\r\n\r\n<p> (Source: Anilist) </p>", "alternative_title": [], "producers": [], "licensors": [], "studio": [90], "categorie": [17, 19]}}, {"model": "api.anime", "pk": 105, "fields": {"image": "anime/99618l.jpeg", "name": "Tsugumomo OVA", "type": 3, "episodes_number": 1, "minutes_per_episode": 22, "aired": "2020-01-22", "date_end": "2020-01-22", "source": 2, "rating": 4, "sinopse": "", "alternative_title": [], "producers": [], "licensors": [], "studio": [], "categorie": [1, 4, 10, 14, 24, 26]}}, {"model": "api.anime", "pk": 106, "fields": {"image": "anime/bx112177-dzPKFocyvP53.jpeg", "name": "Nakanohito Genome [Jikkyouchuu]: Knots of Memories", "type": 3, "episodes_number": 1, "minutes_per_episode": 24, "aired": "2020-02-27", "date_end": "2020-02-27", "source": 3, "rating": 2, "sinopse": "An original story included with volume 10 of the Nakanohito Genome [Jikkyouchuu] manga.", "alternative_title": [], "producers": [], "licensors": [], "studio": [], "categorie": [18, 4, 5]}}, {"model": "api.anime", "pk": 107, "fields": {"image": "anime/bx108714-7QDTectcCIa3.jpeg", "name": "ACCA: 13-ku Kansatsu-ka - Regards", "type": 3, "episodes_number": 1, "minutes_per_episode": 45, "aired": "2020-02-14", "date_end": "2020-02-14", "source": 2, "rating": 2, "sinopse": "The special's story is set in the capital city of Badon one year after the events of the television anime, and shows Jean and the rest of the ACCA department preparing for the one-year anniversary of the establishment of the new order. For the characters — caught between rumors of unrest, unchanging days, new crossroads, gazes remembered in memories, and days of new beginnings — time once again begins to move forward.\r\n\r\n<p>(Source: Anime News Network)</p>", "alternative_title": [], "producers": [13], "licensors": [], "studio": [2], "categorie": [34, 5, 10, 17, 25]}}, {"model": "api.anime", "pk": 108, "fields": {"image": "anime/105654l.jpeg", "name": "Kandagawa Jet Girls OVA", "type": 3, "episodes_number": 1, "minutes_per_episode": 22, "aired": "2020-01-24", "date_end": "2020-01-24", "source": 1, "rating": 4, "sinopse": "The racing never ends! Return to the world of Jet Racing and catch up with Rin and Misa in the Kandagawa Jet Girls OVA.\r\n\r\n<p>(Source: HIDIVE)</p>", "alternative_title": [], "producers": [], "licensors": [], "studio": [91], "categorie": [26, 31]}}, {"model": "api.anime", "pk": 109, "fields": {"image": "anime/104653l.jpeg", "name": "Keishichou Tokumubu Tokushu Kyouakuhan Taisakushitsu Dainanaka: Tokunana OVA", "type": 3, "episodes_number": 1, "minutes_per_episode": 23, "aired": "2020-01-24", "date_end": "2020-01-24", "source": 1, "rating": null, "sinopse": "Episode 0.5 included in the second Blu-ray volume. The episode focuses on Kujaku Nijou, when he first joined the team, one year before the anime begins.\r\n\r\n<p>(Source: Anilist)</p>", "alternative_title": [134], "producers": [], "licensors": [], "studio": [], "categorie": [1, 34, 36, 17]}}, {"model": "api.anime", "pk": 110, "fields": {"image": "anime/106375l.jpeg", "name": "Tenchi Muyou! Ryououki 5th Season", "type": 3, "episodes_number": 6, "minutes_per_episode": 30, "aired": "2020-02-28", "date_end": "2021-05-28", "source": 1, "rating": 2, "sinopse": "", "alternative_title": [], "producers": [153], "licensors": [], "studio": [92], "categorie": [32, 1, 2, 4, 6, 7]}}, {"model": "api.anime", "pk": 111, "fields": {"image": "anime/101926l.jpeg", "name": "Made in Abyss Movie 3: Fukaki Tamashii no Reimei", "type": 2, "episodes_number": 1, "minutes_per_episode": 105, "aired": "2020-01-17", "date_end": "2020-01-17", "source": 3, "rating": 1, "sinopse": "Dawn of the Deep Soul continues the epic adventure of plucky Riko and Reg who are joined by their new friend Nanachi. Together they descend into the Abyss’ treacherous fifth layer, the Sea of Corpses, and encounter the mysterious Bondrewd, a legendary White Whistle whose shadow looms over Nanachi’s troubled past. Bondrewd is ingratiatingly hospitable, but the brave adventurers know things are not always as they seem in the enigmatic Abyss...\r\n\r\n<p>(Source: Sentai Filmworks)</p>", "alternative_title": [135], "producers": [], "licensors": [8], "studio": [69], "categorie": [2, 3, 5, 17, 25]}}, {"model": "api.anime", "pk": 112, "fields": {"image": "anime/bx108623-pREPeutedpc2.jpeg", "name": "Goblin Slayer: Goblin's Crown", "type": 2, "episodes_number": 1, "minutes_per_episode": 85, "aired": "2020-02-01", "date_end": "2020-02-01", "source": 4, "rating": 1, "sinopse": "Goblin Slayer and his party head up to the snowy mountains in the north after receiving that request from the Sword Maiden. A small village gets attacked, they encounter a mysterious chapel, and something about how these goblins are acting bothers the Goblin slayer.\r\n\r\n<p>“I’m going to take back everything that I’ve lost!”</p>\r\n\r\n<p>In order to save the captured Noble Fencer, the Goblin Slayer and his party head to an ancient fortress covered in snow to face off with a powerful foe and a horde of goblins!</p>\r\n\r\n<p>(Source: Crunchyroll)</p>", "alternative_title": [], "producers": [154], "licensors": [], "studio": [93], "categorie": [1, 3, 17]}}, {"model": "api.anime", "pk": 113, "fields": {"image": "anime/bx101574-NlXVoqyDytOS.jpeg", "name": "Shirobako Movie", "type": 2, "episodes_number": 1, "minutes_per_episode": null, "aired": "2020-02-29", "date_end": "2020-02-29", "source": 1, "rating": 2, "sinopse": "The story is set four years after the events of the original Shirobako anime. Aoi Miyamori keeps busy dealing with the ordinary troubles in her daily work at Musashino Animation. After a morning meeting, Watanabe talks to Aoi and puts her in charge of a new theatrical anime project for the studio. The project has unexpected problems, and Aoi is unsure if the company can proceed with a theatrical anime with its current state of affairs. While dealing with that anxiety, Aoi meets a new colleague named Kaede Miyai. She and the MusAni team work together to complete the project.\r\n\r\n<p>(Source: Anime News Network)</p>", "alternative_title": [], "producers": [156, 155, 36], "licensors": [], "studio": [63], "categorie": [4, 5]}}, {"model": "api.anime", "pk": 114, "fields": {"image": "anime/bx108260-2TAbERdThOZR.jpeg", "name": "Digimon Adventure: Last Evolution Kizuna", "type": 2, "episodes_number": 1, "minutes_per_episode": 94, "aired": "2020-02-21", "date_end": "2020-02-21", "source": 1, "rating": null, "sinopse": "Tai is now a university student, living alone, working hard at school, and working every day, but with his future still undecided. Meanwhile, Matt and others continue to work on Digimon incidents and activities that help people with their partner Digimon. When an unprecedented phenomenon occurs, the DigiDestined discover that when they grow up, their relationship with their partner Digimon will come closer to an end.\r\n\r\n<p>As a countdown timer activates on the Digivice, they realize that the more they fight with their partner Digimon, the faster their bond breaks. Will they fight for others and lose their partner? The time to choose and decide is approaching fast. </p>\r\n\r\n<p>(Source: Fathom Events)</p>", "alternative_title": [], "producers": [148], "licensors": [], "studio": [94], "categorie": [1, 3, 4, 5]}}, {"model": "api.anime", "pk": 115, "fields": {"image": "anime/bx107880-1gP8jcpVxh2v.jpeg", "name": "Kyochuu Rettou Movie", "type": 2, "episodes_number": 1, "minutes_per_episode": 76, "aired": "2020-01-10", "date_end": "2020-01-10", "source": 2, "rating": 4, "sinopse": "After an airplane crash during a school trip, Oribe Mutsumi and her classmates were stranded on a seemingly deserted island. Mutsumi found the other survivors, and used her wilderness knowledge to help them. She expects that they will be rescued in about three days, which doesn't seem so long to endure. However, she didn't account for the fact that the island is populated with gigantic killer insects. Her knowledge of butterflies, wasps, and more may be the only thing that will help any of her classmates survive to be rescued.\r\n\r\n<p>(Source: MangaHelpers)</p>", "alternative_title": [136], "producers": [], "licensors": [], "studio": [], "categorie": [22]}}, {"model": "api.anime", "pk": 116, "fields": {"image": "anime/bx114744-H0xCldpxuECZ.jpeg", "name": "Marulk-chan no Nichijou", "type": 2, "episodes_number": 4, "minutes_per_episode": null, "aired": "2020-01-17", "date_end": "2020-02-07", "source": 2, "rating": null, "sinopse": "horts played before Made in Abyss Movie 3: Fukaki Tamashii no Reimei in Japan's theatrical screenings.", "alternative_title": [137], "producers": [], "licensors": [], "studio": [69], "categorie": [17, 3]}}, {"model": "api.anime", "pk": 117, "fields": {"image": "anime/bx111944-XKjKbig0DfRr.jpeg", "name": "Ongaku", "type": 2, "episodes_number": 1, "minutes_per_episode": 70, "aired": "2020-01-11", "date_end": "2020-01-11", "source": 2, "rating": null, "sinopse": "Anime film adaptation of Hiroyuki Ohashi's \"Ongaku\" manga.\r\n\r\n<p>Ohashi originally self-published \"Ongaku\" in 2005, and it tells the story of young delinquents who decide to start a rock band despite never having touched instruments before.</p>\r\n\r\n<p>(Source: Anime News Network)</p>", "alternative_title": [], "producers": [], "licensors": [], "studio": [], "categorie": [35, 19]}}, {"model": "api.anime", "pk": 118, "fields": {"image": "anime/bx114334-TpuYLurTVs2t.jpeg", "name": "Gundam: G no Reconguista Movie II - Bellri Gekishin", "type": 2, "episodes_number": 1, "minutes_per_episode": null, "aired": "2020-02-21", "date_end": "2020-02-21", "source": 1, "rating": 2, "sinopse": "Second Movie in the Gundam: Reconguista in G Movie Recap pentalogy.", "alternative_title": [], "producers": [], "licensors": [], "studio": [1], "categorie": [1, 2, 13, 7]}}, {"model": "api.anime", "pk": 119, "fields": {"image": "anime/bx114945-YimcesTfneqf.jpeg", "name": "Rebecca", "type": 2, "episodes_number": 1, "minutes_per_episode": 24, "aired": "2020-03-14", "date_end": "2020-03-14", "source": 9, "rating": 5, "sinopse": "Rebecca is a 10-year-old cheerful and energetic girl who is the second of seven children. She lives in a rural town in Maine in the United States at the end of the 19th century. After her father dies, her family descends into poverty, and Rebecca unwillingly goes to live with her aunts Miranda and Jane. Rebecca loves her kind aunt Jane dearly, but her aunt Miranda is naggy and strict.\r\n\r\n<p>(Source: Anime News Network)</p>\r\n\r\n<i>The movie was planned to be screened on March 14, but the event was cancelled due to concerns of COVID-19 spread.</i>", "alternative_title": [138], "producers": [], "licensors": [], "studio": [95], "categorie": [19]}}, {"model": "api.anime", "pk": 120, "fields": {"image": "anime/106226l.jpeg", "name": "Ometeotl Hero", "type": 2, "episodes_number": 1, "minutes_per_episode": 24, "aired": "2020-03-14", "date_end": "2020-03-14", "source": 1, "rating": null, "sinopse": "In the year 22XX, due to the drastic decrease in the human population, the government starts accepting races from other allied planets. As a result of genetic mixing, new species are born with special powers. A young man named Yuuki learns on his 18th birthday that while his father is a member of the \"hero\" tribe, his mother is a member of a tribe of beings who can manipulate plants who were supposedly wiped out due to the accelerated mechanization of the planet. As a result, Yuuki holds powers of both tribes, but he questions which side he should help with his powers.\r\n\r\n<p>(Source: Anime News Network)</p>\r\n\r\n<i>The movie was planned to be screened on March 14, but the event was cancelled due to concerns of COVID-19 spread.</i>", "alternative_title": [], "producers": [], "licensors": [], "studio": [96], "categorie": [2]}}, {"model": "api.anime", "pk": 121, "fields": {"image": "anime/bx115835-zvf1RwJaFFbZ.jpeg", "name": "Wu Sheng Guan Gong", "type": 2, "episodes_number": 1, "minutes_per_episode": 95, "aired": "2020-01-11", "date_end": "2020-01-11", "source": 7, "rating": null, "sinopse": "", "alternative_title": [139], "producers": [], "licensors": [], "studio": [], "categorie": [1, 27]}}, {"model": "api.anime", "pk": 122, "fields": {"image": "anime/105749l.jpeg", "name": "Darwin's Game: Log Line", "type": 5, "episodes_number": 1, "minutes_per_episode": 24, "aired": "2020-02-01", "date_end": "2020-02-01", "source": 2, "rating": null, "sinopse": "Recap of the first 4 episodes of Darwin's Game.", "alternative_title": [], "producers": [], "licensors": [], "studio": [50], "categorie": [1, 6, 25]}}, {"model": "api.anime", "pk": 123, "fields": {"image": "anime/bx116968-nBjIzq6rnRIS.jpeg", "name": "Grandblue Fantasy the Animation Season 2 Extras", "type": 5, "episodes_number": 2, "minutes_per_episode": 23, "aired": "2020-03-28", "date_end": "2020-08-26", "source": 6, "rating": 2, "sinopse": "", "alternative_title": [], "producers": [], "licensors": [], "studio": [52], "categorie": [17, 3]}}, {"model": "api.anime", "pk": 124, "fields": {"image": "anime/bx114052-hA4bnGgQhegw.jpeg", "name": "Girls & Panzer: Taiyaki War!", "type": 5, "episodes_number": 1, "minutes_per_episode": 10, "aired": "2020-02-27", "date_end": "2020-02-27", "source": 1, "rating": 2, "sinopse": "Special included with Girls & Panzer: Saishuushou Part 2 Blu-ray and DVD.", "alternative_title": [], "producers": [], "licensors": [], "studio": [], "categorie": [4, 12, 14]}}, {"model": "api.anime", "pk": 125, "fields": {"image": "anime/103340l.jpeg", "name": "Chuubyou Gekihatsu Boy Special", "type": 5, "episodes_number": 1, "minutes_per_episode": 24, "aired": "2020-03-25", "date_end": "2020-03-25", "source": 9, "rating": 2, "sinopse": "Unaired episode 12 included with volume 4 of the BD/DVD release.", "alternative_title": [], "producers": [13, 103], "licensors": [], "studio": [28], "categorie": [19, 4, 14]}}, {"model": "api.anime", "pk": 126, "fields": {"image": "anime/bx110789-BElJ4Jcqq9Fl.jpeg", "name": "Null Peta Special", "type": 5, "episodes_number": 1, "minutes_per_episode": 5, "aired": "2020-01-31", "date_end": "2020-01-31", "source": 1, "rating": 2, "sinopse": "Extra episode included in the Blu-ray/DVD release.", "alternative_title": [], "producers": [], "licensors": [], "studio": [10], "categorie": [2, 4]}}, {"model": "api.anime", "pk": 127, "fields": {"image": "anime/106701l.jpeg", "name": "Hatena☆Illusion: Koi to Mahou no Illusion de, Muchuu Sasechaimasu! Special", "type": 5, "episodes_number": 1, "minutes_per_episode": 10, "aired": "2020-02-20", "date_end": "2020-02-20", "source": 4, "rating": null, "sinopse": "Recap of first 6 episodes of Hatena☆Illusion.", "alternative_title": [], "producers": [], "licensors": [], "studio": [59], "categorie": [16, 24, 26, 4]}}, {"model": "api.anime", "pk": 128, "fields": {"image": "anime/105001l.jpeg", "name": "Urashimasakatasen no Nichijou Special", "type": 5, "episodes_number": 1, "minutes_per_episode": 4, "aired": "2020-02-26", "date_end": "2020-02-26", "source": 12, "rating": 2, "sinopse": "Unaired episode of Urashimasakatasen no Nichijou included in the DVD release.", "alternative_title": [], "producers": [], "licensors": [], "studio": [97], "categorie": [19, 4]}}, {"model": "api.anime", "pk": 129, "fields": {"image": "anime/105481l.jpeg", "name": "Mobile Suit Gakuen: Kaette Kita G-Reco Koushien", "type": 5, "episodes_number": null, "minutes_per_episode": 1, "aired": "2020-01-17", "date_end": null, "source": 1, "rating": 3, "sinopse": "Short specials bundled with the Blu-ray volumes of the Gundam: G no Reconguista movies.", "alternative_title": [140], "producers": [], "licensors": [], "studio": [], "categorie": [20, 4, 13]}}, {"model": "api.anime", "pk": 130, "fields": {"image": "anime/105740l.jpeg", "name": "Wena Wrist", "type": 5, "episodes_number": 1, "minutes_per_episode": 1, "aired": "2020-01-28", "date_end": "2020-01-28", "source": 1, "rating": 3, "sinopse": "", "alternative_title": [], "producers": [], "licensors": [], "studio": [], "categorie": [35, 12]}}, {"model": "api.status", "pk": 1, "fields": {"val": 1, "tag": "Watching"}}, {"model": "api.status", "pk": 2, "fields": {"val": 2, "tag": "Completed"}}, {"model": "api.status", "pk": 3, "fields": {"val": 3, "tag": "Dropped"}}, {"model": "api.status", "pk": 5, "fields": {"val": 5, "tag": "Plan To Watch"}}]